<?xml version="1.0" encoding="UTF-8"?>
<gpx xmlns:xsi="http://www.w3.org/2001/XMLSchema-instance" xsi:schemaLocation="http://www.topografix.com/GPX/1/1 http://www.topografix.com/GPX/1/1/gpx.xsd http://www.garmin.com/xmlschemas/GpxExtensions/v3 http://www.garmin.com/xmlschemas/GpxExtensionsv3.xsd http://www.garmin.com/xmlschemas/TrackPointExtension/v1 http://www.garmin.com/xmlschemas/TrackPointExtensionv1.xsd" creator="StravaGPX" version="1.1" xmlns="http://www.topografix.com/GPX/1/1" xmlns:gpxtpx="http://www.garmin.com/xmlschemas/TrackPointExtension/v1" xmlns:gpxx="http://www.garmin.com/xmlschemas/GpxExtensions/v3">
 <metadata>
  <time>2025-04-27T07:15:50Z</time>
 </metadata>
 <trk>
  <name>Marathon de Nantes (un peu facile)</name>
  <type>running</type>
  <trkseg>
   <trkpt lat="47.2066490" lon="-1.5643050">
    <ele>19.0</ele>
    <time>2025-04-27T07:15:50Z</time>
    <extensions>
     <gpxtpx:TrackPointExtension>
      <gpxtpx:hr>96</gpxtpx:hr>
      <gpxtpx:cad>78</gpxtpx:cad>
     </gpxtpx:TrackPointExtension>
    </extensions>
   </trkpt>
   <trkpt lat="47.2066540" lon="-1.5643220">
    <ele>19.0</ele>
    <time>2025-04-27T07:15:51Z</time>
    <extensions>
     <gpxtpx:TrackPointExtension>
      <gpxtpx:hr>96</gpxtpx:hr>
      <gpxtpx:cad>78</gpxtpx:cad>
     </gpxtpx:TrackPointExtension>
    </extensions>
   </trkpt>
   <trkpt lat="47.2066590" lon="-1.5643380">
    <ele>19.0</ele>
    <time>2025-04-27T07:15:52Z</time>
    <extensions>
     <gpxtpx:TrackPointExtension>
      <gpxtpx:hr>96</gpxtpx:hr>
      <gpxtpx:cad>78</gpxtpx:cad>
     </gpxtpx:TrackPointExtension>
    </extensions>
   </trkpt>
   <trkpt lat="47.2066640" lon="-1.5643550">
    <ele>19.0</ele>
    <time>2025-04-27T07:15:53Z</time>
    <extensions>
     <gpxtpx:TrackPointExtension>
      <gpxtpx:hr>96</gpxtpx:hr>
      <gpxtpx:cad>78</gpxtpx:cad>
     </gpxtpx:TrackPointExtension>
    </extensions>
   </trkpt>
   <trkpt lat="47.2066700" lon="-1.5643720">
    <ele>19.0</ele>
    <time>2025-04-27T07:15:54Z</time>
    <extensions>
     <gpxtpx:TrackPointExtension>
      <gpxtpx:hr>96</gpxtpx:hr>
      <gpxtpx:cad>78</gpxtpx:cad>
     </gpxtpx:TrackPointExtension>
    </extensions>
   </trkpt>
   <trkpt lat="47.2066750" lon="-1.5643890">
    <ele>19.0</ele>
    <time>2025-04-27T07:15:55Z</time>
    <extensions>
     <power>113</power>
     <gpxtpx:TrackPointExtension>
      <gpxtpx:hr>96</gpxtpx:hr>
      <gpxtpx:cad>78</gpxtpx:cad>
     </gpxtpx:TrackPointExtension>
    </extensions>
   </trkpt>
   <trkpt lat="47.2066800" lon="-1.5644050">
    <ele>19.0</ele>
    <time>2025-04-27T07:15:56Z</time>
    <extensions>
     <power>0</power>
     <gpxtpx:TrackPointExtension>
      <gpxtpx:hr>96</gpxtpx:hr>
      <gpxtpx:cad>78</gpxtpx:cad>
     </gpxtpx:TrackPointExtension>
    </extensions>
   </trkpt>
   <trkpt lat="47.2066850" lon="-1.5644220">
    <ele>19.0</ele>
    <time>2025-04-27T07:15:57Z</time>
    <extensions>
     <power>0</power>
     <gpxtpx:TrackPointExtension>
      <gpxtpx:hr>96</gpxtpx:hr>
      <gpxtpx:cad>78</gpxtpx:cad>
     </gpxtpx:TrackPointExtension>
    </extensions>
   </trkpt>
   <trkpt lat="47.2066900" lon="-1.5644610">
    <ele>19.0</ele>
    <time>2025-04-27T07:15:58Z</time>
    <extensions>
     <power>0</power>
     <gpxtpx:TrackPointExtension>
      <gpxtpx:hr>96</gpxtpx:hr>
      <gpxtpx:cad>78</gpxtpx:cad>
     </gpxtpx:TrackPointExtension>
    </extensions>
   </trkpt>
   <trkpt lat="47.2066890" lon="-1.5645080">
    <ele>19.0</ele>
    <time>2025-04-27T07:15:59Z</time>
    <extensions>
     <power>116</power>
     <gpxtpx:TrackPointExtension>
      <gpxtpx:hr>96</gpxtpx:hr>
      <gpxtpx:cad>78</gpxtpx:cad>
     </gpxtpx:TrackPointExtension>
    </extensions>
   </trkpt>
   <trkpt lat="47.2066880" lon="-1.5645560">
    <ele>19.0</ele>
    <time>2025-04-27T07:16:00Z</time>
    <extensions>
     <power>233</power>
     <gpxtpx:TrackPointExtension>
      <gpxtpx:hr>96</gpxtpx:hr>
      <gpxtpx:cad>78</gpxtpx:cad>
     </gpxtpx:TrackPointExtension>
    </extensions>
   </trkpt>
   <trkpt lat="47.2066820" lon="-1.5645910">
    <ele>19.0</ele>
    <time>2025-04-27T07:16:01Z</time>
    <extensions>
     <power>224</power>
     <gpxtpx:TrackPointExtension>
      <gpxtpx:hr>96</gpxtpx:hr>
      <gpxtpx:cad>78</gpxtpx:cad>
     </gpxtpx:TrackPointExtension>
    </extensions>
   </trkpt>
   <trkpt lat="47.2066750" lon="-1.5646250">
    <ele>19.0</ele>
    <time>2025-04-27T07:16:02Z</time>
    <extensions>
     <power>215</power>
     <gpxtpx:TrackPointExtension>
      <gpxtpx:hr>96</gpxtpx:hr>
      <gpxtpx:cad>78</gpxtpx:cad>
     </gpxtpx:TrackPointExtension>
    </extensions>
   </trkpt>
   <trkpt lat="47.2066690" lon="-1.5646600">
    <ele>19.0</ele>
    <time>2025-04-27T07:16:03Z</time>
    <extensions>
     <power>240</power>
     <gpxtpx:TrackPointExtension>
      <gpxtpx:hr>98</gpxtpx:hr>
      <gpxtpx:cad>78</gpxtpx:cad>
     </gpxtpx:TrackPointExtension>
    </extensions>
   </trkpt>
   <trkpt lat="47.2066530" lon="-1.5647080">
    <ele>19.0</ele>
    <time>2025-04-27T07:16:04Z</time>
    <extensions>
     <power>266</power>
     <gpxtpx:TrackPointExtension>
      <gpxtpx:hr>99</gpxtpx:hr>
      <gpxtpx:cad>79</gpxtpx:cad>
     </gpxtpx:TrackPointExtension>
    </extensions>
   </trkpt>
   <trkpt lat="47.2066380" lon="-1.5647560">
    <ele>19.0</ele>
    <time>2025-04-27T07:16:05Z</time>
    <extensions>
     <power>278</power>
     <gpxtpx:TrackPointExtension>
      <gpxtpx:hr>100</gpxtpx:hr>
      <gpxtpx:cad>78</gpxtpx:cad>
     </gpxtpx:TrackPointExtension>
    </extensions>
   </trkpt>
   <trkpt lat="47.2066170" lon="-1.5648010">
    <ele>19.0</ele>
    <time>2025-04-27T07:16:06Z</time>
    <extensions>
     <power>291</power>
     <gpxtpx:TrackPointExtension>
      <gpxtpx:hr>102</gpxtpx:hr>
      <gpxtpx:cad>78</gpxtpx:cad>
     </gpxtpx:TrackPointExtension>
    </extensions>
   </trkpt>
   <trkpt lat="47.2065960" lon="-1.5648450">
    <ele>19.0</ele>
    <time>2025-04-27T07:16:07Z</time>
    <extensions>
     <power>301</power>
     <gpxtpx:TrackPointExtension>
      <gpxtpx:hr>103</gpxtpx:hr>
      <gpxtpx:cad>78</gpxtpx:cad>
     </gpxtpx:TrackPointExtension>
    </extensions>
   </trkpt>
   <trkpt lat="47.2065700" lon="-1.5648910">
    <ele>19.0</ele>
    <time>2025-04-27T07:16:08Z</time>
    <extensions>
     <power>311</power>
     <gpxtpx:TrackPointExtension>
      <gpxtpx:hr>104</gpxtpx:hr>
      <gpxtpx:cad>78</gpxtpx:cad>
     </gpxtpx:TrackPointExtension>
    </extensions>
   </trkpt>
   <trkpt lat="47.2065440" lon="-1.5649370">
    <ele>19.0</ele>
    <time>2025-04-27T07:16:09Z</time>
    <extensions>
     <power>318</power>
     <gpxtpx:TrackPointExtension>
      <gpxtpx:hr>105</gpxtpx:hr>
      <gpxtpx:cad>78</gpxtpx:cad>
     </gpxtpx:TrackPointExtension>
    </extensions>
   </trkpt>
   <trkpt lat="47.2065180" lon="-1.5649860">
    <ele>19.0</ele>
    <time>2025-04-27T07:16:10Z</time>
    <extensions>
     <power>325</power>
     <gpxtpx:TrackPointExtension>
      <gpxtpx:hr>106</gpxtpx:hr>
      <gpxtpx:cad>78</gpxtpx:cad>
     </gpxtpx:TrackPointExtension>
    </extensions>
   </trkpt>
   <trkpt lat="47.2064920" lon="-1.5650370">
    <ele>19.0</ele>
    <time>2025-04-27T07:16:11Z</time>
    <extensions>
     <power>328</power>
     <gpxtpx:TrackPointExtension>
      <gpxtpx:hr>107</gpxtpx:hr>
      <gpxtpx:cad>78</gpxtpx:cad>
     </gpxtpx:TrackPointExtension>
    </extensions>
   </trkpt>
   <trkpt lat="47.2064640" lon="-1.5650920">
    <ele>19.0</ele>
    <time>2025-04-27T07:16:12Z</time>
    <extensions>
     <power>331</power>
     <gpxtpx:TrackPointExtension>
      <gpxtpx:hr>108</gpxtpx:hr>
      <gpxtpx:cad>79</gpxtpx:cad>
     </gpxtpx:TrackPointExtension>
    </extensions>
   </trkpt>
   <trkpt lat="47.2064360" lon="-1.5651460">
    <ele>19.0</ele>
    <time>2025-04-27T07:16:13Z</time>
    <extensions>
     <power>331</power>
     <gpxtpx:TrackPointExtension>
      <gpxtpx:hr>109</gpxtpx:hr>
      <gpxtpx:cad>78</gpxtpx:cad>
     </gpxtpx:TrackPointExtension>
    </extensions>
   </trkpt>
   <trkpt lat="47.2064110" lon="-1.5651990">
    <ele>19.0</ele>
    <time>2025-04-27T07:16:14Z</time>
    <extensions>
     <power>332</power>
     <gpxtpx:TrackPointExtension>
      <gpxtpx:hr>110</gpxtpx:hr>
      <gpxtpx:cad>78</gpxtpx:cad>
     </gpxtpx:TrackPointExtension>
    </extensions>
   </trkpt>
   <trkpt lat="47.2063860" lon="-1.5652510">
    <ele>19.0</ele>
    <time>2025-04-27T07:16:15Z</time>
    <extensions>
     <power>331</power>
     <gpxtpx:TrackPointExtension>
      <gpxtpx:hr>111</gpxtpx:hr>
      <gpxtpx:cad>78</gpxtpx:cad>
     </gpxtpx:TrackPointExtension>
    </extensions>
   </trkpt>
   <trkpt lat="47.2063660" lon="-1.5652960">
    <ele>19.0</ele>
    <time>2025-04-27T07:16:16Z</time>
    <extensions>
     <power>331</power>
     <gpxtpx:TrackPointExtension>
      <gpxtpx:hr>112</gpxtpx:hr>
      <gpxtpx:cad>78</gpxtpx:cad>
     </gpxtpx:TrackPointExtension>
    </extensions>
   </trkpt>
   <trkpt lat="47.2063450" lon="-1.5653420">
    <ele>19.0</ele>
    <time>2025-04-27T07:16:17Z</time>
    <extensions>
     <power>333</power>
     <gpxtpx:TrackPointExtension>
      <gpxtpx:hr>113</gpxtpx:hr>
      <gpxtpx:cad>78</gpxtpx:cad>
     </gpxtpx:TrackPointExtension>
    </extensions>
   </trkpt>
   <trkpt lat="47.2063260" lon="-1.5653820">
    <ele>19.0</ele>
    <time>2025-04-27T07:16:18Z</time>
    <extensions>
     <power>336</power>
     <gpxtpx:TrackPointExtension>
      <gpxtpx:hr>114</gpxtpx:hr>
      <gpxtpx:cad>78</gpxtpx:cad>
     </gpxtpx:TrackPointExtension>
    </extensions>
   </trkpt>
   <trkpt lat="47.2063070" lon="-1.5654230">
    <ele>19.0</ele>
    <time>2025-04-27T07:16:19Z</time>
    <extensions>
     <power>338</power>
     <gpxtpx:TrackPointExtension>
      <gpxtpx:hr>115</gpxtpx:hr>
      <gpxtpx:cad>78</gpxtpx:cad>
     </gpxtpx:TrackPointExtension>
    </extensions>
   </trkpt>
   <trkpt lat="47.2062870" lon="-1.5654630">
    <ele>19.0</ele>
    <time>2025-04-27T07:16:20Z</time>
    <extensions>
     <power>340</power>
     <gpxtpx:TrackPointExtension>
      <gpxtpx:hr>116</gpxtpx:hr>
      <gpxtpx:cad>78</gpxtpx:cad>
     </gpxtpx:TrackPointExtension>
    </extensions>
   </trkpt>
   <trkpt lat="47.2062670" lon="-1.5655030">
    <ele>19.0</ele>
    <time>2025-04-27T07:16:21Z</time>
    <extensions>
     <power>338</power>
     <gpxtpx:TrackPointExtension>
      <gpxtpx:hr>117</gpxtpx:hr>
      <gpxtpx:cad>78</gpxtpx:cad>
     </gpxtpx:TrackPointExtension>
    </extensions>
   </trkpt>
   <trkpt lat="47.2062460" lon="-1.5655430">
    <ele>19.0</ele>
    <time>2025-04-27T07:16:22Z</time>
    <extensions>
     <power>337</power>
     <gpxtpx:TrackPointExtension>
      <gpxtpx:hr>118</gpxtpx:hr>
      <gpxtpx:cad>78</gpxtpx:cad>
     </gpxtpx:TrackPointExtension>
    </extensions>
   </trkpt>
   <trkpt lat="47.2062260" lon="-1.5655820">
    <ele>19.0</ele>
    <time>2025-04-27T07:16:23Z</time>
    <extensions>
     <power>336</power>
     <gpxtpx:TrackPointExtension>
      <gpxtpx:hr>119</gpxtpx:hr>
      <gpxtpx:cad>77</gpxtpx:cad>
     </gpxtpx:TrackPointExtension>
    </extensions>
   </trkpt>
   <trkpt lat="47.2062060" lon="-1.5656210">
    <ele>19.0</ele>
    <time>2025-04-27T07:16:24Z</time>
    <extensions>
     <power>336</power>
     <gpxtpx:TrackPointExtension>
      <gpxtpx:hr>120</gpxtpx:hr>
      <gpxtpx:cad>77</gpxtpx:cad>
     </gpxtpx:TrackPointExtension>
    </extensions>
   </trkpt>
   <trkpt lat="47.2061860" lon="-1.5656590">
    <ele>19.0</ele>
    <time>2025-04-27T07:16:25Z</time>
    <extensions>
     <power>335</power>
     <gpxtpx:TrackPointExtension>
      <gpxtpx:hr>121</gpxtpx:hr>
      <gpxtpx:cad>77</gpxtpx:cad>
     </gpxtpx:TrackPointExtension>
    </extensions>
   </trkpt>
   <trkpt lat="47.2061660" lon="-1.5656960">
    <ele>19.0</ele>
    <time>2025-04-27T07:16:26Z</time>
    <extensions>
     <power>335</power>
     <gpxtpx:TrackPointExtension>
      <gpxtpx:hr>122</gpxtpx:hr>
      <gpxtpx:cad>77</gpxtpx:cad>
     </gpxtpx:TrackPointExtension>
    </extensions>
   </trkpt>
   <trkpt lat="47.2061460" lon="-1.5657320">
    <ele>19.0</ele>
    <time>2025-04-27T07:16:27Z</time>
    <extensions>
     <power>335</power>
     <gpxtpx:TrackPointExtension>
      <gpxtpx:hr>123</gpxtpx:hr>
      <gpxtpx:cad>77</gpxtpx:cad>
     </gpxtpx:TrackPointExtension>
    </extensions>
   </trkpt>
   <trkpt lat="47.2061260" lon="-1.5657670">
    <ele>19.0</ele>
    <time>2025-04-27T07:16:28Z</time>
    <extensions>
     <power>335</power>
     <gpxtpx:TrackPointExtension>
      <gpxtpx:hr>124</gpxtpx:hr>
      <gpxtpx:cad>78</gpxtpx:cad>
     </gpxtpx:TrackPointExtension>
    </extensions>
   </trkpt>
   <trkpt lat="47.2061050" lon="-1.5658020">
    <ele>19.0</ele>
    <time>2025-04-27T07:16:29Z</time>
    <extensions>
     <power>334</power>
     <gpxtpx:TrackPointExtension>
      <gpxtpx:hr>125</gpxtpx:hr>
      <gpxtpx:cad>77</gpxtpx:cad>
     </gpxtpx:TrackPointExtension>
    </extensions>
   </trkpt>
   <trkpt lat="47.2060840" lon="-1.5658360">
    <ele>19.0</ele>
    <time>2025-04-27T07:16:30Z</time>
    <extensions>
     <power>334</power>
     <gpxtpx:TrackPointExtension>
      <gpxtpx:hr>126</gpxtpx:hr>
      <gpxtpx:cad>77</gpxtpx:cad>
     </gpxtpx:TrackPointExtension>
    </extensions>
   </trkpt>
   <trkpt lat="47.2060630" lon="-1.5658700">
    <ele>19.0</ele>
    <time>2025-04-27T07:16:31Z</time>
    <extensions>
     <power>333</power>
     <gpxtpx:TrackPointExtension>
      <gpxtpx:hr>127</gpxtpx:hr>
      <gpxtpx:cad>77</gpxtpx:cad>
     </gpxtpx:TrackPointExtension>
    </extensions>
   </trkpt>
   <trkpt lat="47.2060410" lon="-1.5659030">
    <ele>19.0</ele>
    <time>2025-04-27T07:16:32Z</time>
    <extensions>
     <power>333</power>
     <gpxtpx:TrackPointExtension>
      <gpxtpx:hr>128</gpxtpx:hr>
      <gpxtpx:cad>78</gpxtpx:cad>
     </gpxtpx:TrackPointExtension>
    </extensions>
   </trkpt>
   <trkpt lat="47.2060190" lon="-1.5659360">
    <ele>19.0</ele>
    <time>2025-04-27T07:16:33Z</time>
    <extensions>
     <power>332</power>
     <gpxtpx:TrackPointExtension>
      <gpxtpx:hr>129</gpxtpx:hr>
      <gpxtpx:cad>78</gpxtpx:cad>
     </gpxtpx:TrackPointExtension>
    </extensions>
   </trkpt>
   <trkpt lat="47.2059970" lon="-1.5659700">
    <ele>19.0</ele>
    <time>2025-04-27T07:16:34Z</time>
    <extensions>
     <power>332</power>
     <gpxtpx:TrackPointExtension>
      <gpxtpx:hr>130</gpxtpx:hr>
      <gpxtpx:cad>78</gpxtpx:cad>
     </gpxtpx:TrackPointExtension>
    </extensions>
   </trkpt>
   <trkpt lat="47.2059750" lon="-1.5660040">
    <ele>19.0</ele>
    <time>2025-04-27T07:16:35Z</time>
    <extensions>
     <power>332</power>
     <gpxtpx:TrackPointExtension>
      <gpxtpx:hr>131</gpxtpx:hr>
      <gpxtpx:cad>78</gpxtpx:cad>
     </gpxtpx:TrackPointExtension>
    </extensions>
   </trkpt>
   <trkpt lat="47.2059550" lon="-1.5660390">
    <ele>19.0</ele>
    <time>2025-04-27T07:16:36Z</time>
    <extensions>
     <power>332</power>
     <gpxtpx:TrackPointExtension>
      <gpxtpx:hr>132</gpxtpx:hr>
      <gpxtpx:cad>78</gpxtpx:cad>
     </gpxtpx:TrackPointExtension>
    </extensions>
   </trkpt>
   <trkpt lat="47.2059340" lon="-1.5660750">
    <ele>19.0</ele>
    <time>2025-04-27T07:16:37Z</time>
    <extensions>
     <power>332</power>
     <gpxtpx:TrackPointExtension>
      <gpxtpx:hr>133</gpxtpx:hr>
      <gpxtpx:cad>77</gpxtpx:cad>
     </gpxtpx:TrackPointExtension>
    </extensions>
   </trkpt>
   <trkpt lat="47.2059150" lon="-1.5661100">
    <ele>19.0</ele>
    <time>2025-04-27T07:16:38Z</time>
    <extensions>
     <power>332</power>
     <gpxtpx:TrackPointExtension>
      <gpxtpx:hr>134</gpxtpx:hr>
      <gpxtpx:cad>77</gpxtpx:cad>
     </gpxtpx:TrackPointExtension>
    </extensions>
   </trkpt>
   <trkpt lat="47.2058960" lon="-1.5661460">
    <ele>19.0</ele>
    <time>2025-04-27T07:16:39Z</time>
    <extensions>
     <power>331</power>
     <gpxtpx:TrackPointExtension>
      <gpxtpx:hr>134</gpxtpx:hr>
      <gpxtpx:cad>77</gpxtpx:cad>
     </gpxtpx:TrackPointExtension>
    </extensions>
   </trkpt>
   <trkpt lat="47.2058760" lon="-1.5661810">
    <ele>19.0</ele>
    <time>2025-04-27T07:16:40Z</time>
    <extensions>
     <power>331</power>
     <gpxtpx:TrackPointExtension>
      <gpxtpx:hr>135</gpxtpx:hr>
      <gpxtpx:cad>77</gpxtpx:cad>
     </gpxtpx:TrackPointExtension>
    </extensions>
   </trkpt>
   <trkpt lat="47.2058570" lon="-1.5662160">
    <ele>19.0</ele>
    <time>2025-04-27T07:16:41Z</time>
    <extensions>
     <power>331</power>
     <gpxtpx:TrackPointExtension>
      <gpxtpx:hr>136</gpxtpx:hr>
      <gpxtpx:cad>77</gpxtpx:cad>
     </gpxtpx:TrackPointExtension>
    </extensions>
   </trkpt>
   <trkpt lat="47.2058380" lon="-1.5662530">
    <ele>19.0</ele>
    <time>2025-04-27T07:16:42Z</time>
    <extensions>
     <power>331</power>
     <gpxtpx:TrackPointExtension>
      <gpxtpx:hr>137</gpxtpx:hr>
      <gpxtpx:cad>77</gpxtpx:cad>
     </gpxtpx:TrackPointExtension>
    </extensions>
   </trkpt>
   <trkpt lat="47.2058180" lon="-1.5662900">
    <ele>19.0</ele>
    <time>2025-04-27T07:16:43Z</time>
    <extensions>
     <power>331</power>
     <gpxtpx:TrackPointExtension>
      <gpxtpx:hr>138</gpxtpx:hr>
      <gpxtpx:cad>77</gpxtpx:cad>
     </gpxtpx:TrackPointExtension>
    </extensions>
   </trkpt>
   <trkpt lat="47.2057990" lon="-1.5663270">
    <ele>19.0</ele>
    <time>2025-04-27T07:16:44Z</time>
    <extensions>
     <power>331</power>
     <gpxtpx:TrackPointExtension>
      <gpxtpx:hr>138</gpxtpx:hr>
      <gpxtpx:cad>77</gpxtpx:cad>
     </gpxtpx:TrackPointExtension>
    </extensions>
   </trkpt>
   <trkpt lat="47.2057790" lon="-1.5663640">
    <ele>19.0</ele>
    <time>2025-04-27T07:16:45Z</time>
    <extensions>
     <power>330</power>
     <gpxtpx:TrackPointExtension>
      <gpxtpx:hr>139</gpxtpx:hr>
      <gpxtpx:cad>77</gpxtpx:cad>
     </gpxtpx:TrackPointExtension>
    </extensions>
   </trkpt>
   <trkpt lat="47.2057600" lon="-1.5664020">
    <ele>19.0</ele>
    <time>2025-04-27T07:16:46Z</time>
    <extensions>
     <power>329</power>
     <gpxtpx:TrackPointExtension>
      <gpxtpx:hr>140</gpxtpx:hr>
      <gpxtpx:cad>77</gpxtpx:cad>
     </gpxtpx:TrackPointExtension>
    </extensions>
   </trkpt>
   <trkpt lat="47.2057410" lon="-1.5664400">
    <ele>19.0</ele>
    <time>2025-04-27T07:16:47Z</time>
    <extensions>
     <power>329</power>
     <gpxtpx:TrackPointExtension>
      <gpxtpx:hr>141</gpxtpx:hr>
      <gpxtpx:cad>77</gpxtpx:cad>
     </gpxtpx:TrackPointExtension>
    </extensions>
   </trkpt>
   <trkpt lat="47.2057220" lon="-1.5664780">
    <ele>19.0</ele>
    <time>2025-04-27T07:16:48Z</time>
    <extensions>
     <power>329</power>
     <gpxtpx:TrackPointExtension>
      <gpxtpx:hr>142</gpxtpx:hr>
      <gpxtpx:cad>78</gpxtpx:cad>
     </gpxtpx:TrackPointExtension>
    </extensions>
   </trkpt>
   <trkpt lat="47.2057030" lon="-1.5665170">
    <ele>19.0</ele>
    <time>2025-04-27T07:16:49Z</time>
    <extensions>
     <power>327</power>
     <gpxtpx:TrackPointExtension>
      <gpxtpx:hr>143</gpxtpx:hr>
      <gpxtpx:cad>77</gpxtpx:cad>
     </gpxtpx:TrackPointExtension>
    </extensions>
   </trkpt>
   <trkpt lat="47.2056830" lon="-1.5665540">
    <ele>19.0</ele>
    <time>2025-04-27T07:16:50Z</time>
    <extensions>
     <power>326</power>
     <gpxtpx:TrackPointExtension>
      <gpxtpx:hr>143</gpxtpx:hr>
      <gpxtpx:cad>77</gpxtpx:cad>
     </gpxtpx:TrackPointExtension>
    </extensions>
   </trkpt>
   <trkpt lat="47.2056640" lon="-1.5665910">
    <ele>19.0</ele>
    <time>2025-04-27T07:16:51Z</time>
    <extensions>
     <power>325</power>
     <gpxtpx:TrackPointExtension>
      <gpxtpx:hr>144</gpxtpx:hr>
      <gpxtpx:cad>77</gpxtpx:cad>
     </gpxtpx:TrackPointExtension>
    </extensions>
   </trkpt>
   <trkpt lat="47.2056420" lon="-1.5666270">
    <ele>19.0</ele>
    <time>2025-04-27T07:16:52Z</time>
    <extensions>
     <power>324</power>
     <gpxtpx:TrackPointExtension>
      <gpxtpx:hr>145</gpxtpx:hr>
      <gpxtpx:cad>77</gpxtpx:cad>
     </gpxtpx:TrackPointExtension>
    </extensions>
   </trkpt>
   <trkpt lat="47.2056210" lon="-1.5666640">
    <ele>19.0</ele>
    <time>2025-04-27T07:16:53Z</time>
    <extensions>
     <power>322</power>
     <gpxtpx:TrackPointExtension>
      <gpxtpx:hr>146</gpxtpx:hr>
      <gpxtpx:cad>76</gpxtpx:cad>
     </gpxtpx:TrackPointExtension>
    </extensions>
   </trkpt>
   <trkpt lat="47.2055990" lon="-1.5667000">
    <ele>19.0</ele>
    <time>2025-04-27T07:16:54Z</time>
    <extensions>
     <power>320</power>
     <gpxtpx:TrackPointExtension>
      <gpxtpx:hr>147</gpxtpx:hr>
      <gpxtpx:cad>76</gpxtpx:cad>
     </gpxtpx:TrackPointExtension>
    </extensions>
   </trkpt>
   <trkpt lat="47.2055770" lon="-1.5667360">
    <ele>19.0</ele>
    <time>2025-04-27T07:16:55Z</time>
    <extensions>
     <power>317</power>
     <gpxtpx:TrackPointExtension>
      <gpxtpx:hr>148</gpxtpx:hr>
      <gpxtpx:cad>76</gpxtpx:cad>
     </gpxtpx:TrackPointExtension>
    </extensions>
   </trkpt>
   <trkpt lat="47.2055540" lon="-1.5667730">
    <ele>19.0</ele>
    <time>2025-04-27T07:16:56Z</time>
    <extensions>
     <power>315</power>
     <gpxtpx:TrackPointExtension>
      <gpxtpx:hr>148</gpxtpx:hr>
      <gpxtpx:cad>76</gpxtpx:cad>
     </gpxtpx:TrackPointExtension>
    </extensions>
   </trkpt>
   <trkpt lat="47.2055320" lon="-1.5668100">
    <ele>19.0</ele>
    <time>2025-04-27T07:16:57Z</time>
    <extensions>
     <power>315</power>
     <gpxtpx:TrackPointExtension>
      <gpxtpx:hr>149</gpxtpx:hr>
      <gpxtpx:cad>76</gpxtpx:cad>
     </gpxtpx:TrackPointExtension>
    </extensions>
   </trkpt>
   <trkpt lat="47.2055090" lon="-1.5668480">
    <ele>19.0</ele>
    <time>2025-04-27T07:16:58Z</time>
    <extensions>
     <power>315</power>
     <gpxtpx:TrackPointExtension>
      <gpxtpx:hr>150</gpxtpx:hr>
      <gpxtpx:cad>77</gpxtpx:cad>
     </gpxtpx:TrackPointExtension>
    </extensions>
   </trkpt>
   <trkpt lat="47.2054880" lon="-1.5668850">
    <ele>19.0</ele>
    <time>2025-04-27T07:16:59Z</time>
    <extensions>
     <power>315</power>
     <gpxtpx:TrackPointExtension>
      <gpxtpx:hr>151</gpxtpx:hr>
      <gpxtpx:cad>77</gpxtpx:cad>
     </gpxtpx:TrackPointExtension>
    </extensions>
   </trkpt>
   <trkpt lat="47.2054660" lon="-1.5669200">
    <ele>19.0</ele>
    <time>2025-04-27T07:17:00Z</time>
    <extensions>
     <power>315</power>
     <gpxtpx:TrackPointExtension>
      <gpxtpx:hr>152</gpxtpx:hr>
      <gpxtpx:cad>78</gpxtpx:cad>
     </gpxtpx:TrackPointExtension>
    </extensions>
   </trkpt>
   <trkpt lat="47.2054450" lon="-1.5669560">
    <ele>19.0</ele>
    <time>2025-04-27T07:17:01Z</time>
    <extensions>
     <power>315</power>
     <gpxtpx:TrackPointExtension>
      <gpxtpx:hr>153</gpxtpx:hr>
      <gpxtpx:cad>78</gpxtpx:cad>
     </gpxtpx:TrackPointExtension>
    </extensions>
   </trkpt>
   <trkpt lat="47.2054250" lon="-1.5669890">
    <ele>19.0</ele>
    <time>2025-04-27T07:17:02Z</time>
    <extensions>
     <power>315</power>
     <gpxtpx:TrackPointExtension>
      <gpxtpx:hr>153</gpxtpx:hr>
      <gpxtpx:cad>79</gpxtpx:cad>
     </gpxtpx:TrackPointExtension>
    </extensions>
   </trkpt>
   <trkpt lat="47.2054040" lon="-1.5670210">
    <ele>19.0</ele>
    <time>2025-04-27T07:17:03Z</time>
    <extensions>
     <power>314</power>
     <gpxtpx:TrackPointExtension>
      <gpxtpx:hr>154</gpxtpx:hr>
      <gpxtpx:cad>79</gpxtpx:cad>
     </gpxtpx:TrackPointExtension>
    </extensions>
   </trkpt>
   <trkpt lat="47.2053820" lon="-1.5670470">
    <ele>19.0</ele>
    <time>2025-04-27T07:17:04Z</time>
    <extensions>
     <power>314</power>
     <gpxtpx:TrackPointExtension>
      <gpxtpx:hr>155</gpxtpx:hr>
      <gpxtpx:cad>80</gpxtpx:cad>
     </gpxtpx:TrackPointExtension>
    </extensions>
   </trkpt>
   <trkpt lat="47.2053600" lon="-1.5670720">
    <ele>19.0</ele>
    <time>2025-04-27T07:17:05Z</time>
    <extensions>
     <power>314</power>
     <gpxtpx:TrackPointExtension>
      <gpxtpx:hr>156</gpxtpx:hr>
      <gpxtpx:cad>79</gpxtpx:cad>
     </gpxtpx:TrackPointExtension>
    </extensions>
   </trkpt>
   <trkpt lat="47.2053350" lon="-1.5670910">
    <ele>19.0</ele>
    <time>2025-04-27T07:17:06Z</time>
    <extensions>
     <power>314</power>
     <gpxtpx:TrackPointExtension>
      <gpxtpx:hr>157</gpxtpx:hr>
      <gpxtpx:cad>79</gpxtpx:cad>
     </gpxtpx:TrackPointExtension>
    </extensions>
   </trkpt>
   <trkpt lat="47.2053090" lon="-1.5671090">
    <ele>19.0</ele>
    <time>2025-04-27T07:17:07Z</time>
    <extensions>
     <power>313</power>
     <gpxtpx:TrackPointExtension>
      <gpxtpx:hr>158</gpxtpx:hr>
      <gpxtpx:cad>79</gpxtpx:cad>
     </gpxtpx:TrackPointExtension>
    </extensions>
   </trkpt>
   <trkpt lat="47.2052790" lon="-1.5671200">
    <ele>19.0</ele>
    <time>2025-04-27T07:17:08Z</time>
    <extensions>
     <power>312</power>
     <gpxtpx:TrackPointExtension>
      <gpxtpx:hr>158</gpxtpx:hr>
      <gpxtpx:cad>80</gpxtpx:cad>
     </gpxtpx:TrackPointExtension>
    </extensions>
   </trkpt>
   <trkpt lat="47.2052500" lon="-1.5671310">
    <ele>19.0</ele>
    <time>2025-04-27T07:17:09Z</time>
    <extensions>
     <power>310</power>
     <gpxtpx:TrackPointExtension>
      <gpxtpx:hr>159</gpxtpx:hr>
      <gpxtpx:cad>80</gpxtpx:cad>
     </gpxtpx:TrackPointExtension>
    </extensions>
   </trkpt>
   <trkpt lat="47.2052160" lon="-1.5671390">
    <ele>19.0</ele>
    <time>2025-04-27T07:17:10Z</time>
    <extensions>
     <power>309</power>
     <gpxtpx:TrackPointExtension>
      <gpxtpx:hr>160</gpxtpx:hr>
      <gpxtpx:cad>81</gpxtpx:cad>
     </gpxtpx:TrackPointExtension>
    </extensions>
   </trkpt>
   <trkpt lat="47.2051830" lon="-1.5671460">
    <ele>19.0</ele>
    <time>2025-04-27T07:17:11Z</time>
    <extensions>
     <power>308</power>
     <gpxtpx:TrackPointExtension>
      <gpxtpx:hr>161</gpxtpx:hr>
      <gpxtpx:cad>81</gpxtpx:cad>
     </gpxtpx:TrackPointExtension>
    </extensions>
   </trkpt>
   <trkpt lat="47.2051480" lon="-1.5671570">
    <ele>19.0</ele>
    <time>2025-04-27T07:17:12Z</time>
    <extensions>
     <power>308</power>
     <gpxtpx:TrackPointExtension>
      <gpxtpx:hr>162</gpxtpx:hr>
      <gpxtpx:cad>81</gpxtpx:cad>
     </gpxtpx:TrackPointExtension>
    </extensions>
   </trkpt>
   <trkpt lat="47.2051140" lon="-1.5671680">
    <ele>19.0</ele>
    <time>2025-04-27T07:17:13Z</time>
    <extensions>
     <power>307</power>
     <gpxtpx:TrackPointExtension>
      <gpxtpx:hr>163</gpxtpx:hr>
      <gpxtpx:cad>81</gpxtpx:cad>
     </gpxtpx:TrackPointExtension>
    </extensions>
   </trkpt>
   <trkpt lat="47.2050800" lon="-1.5671880">
    <ele>19.0</ele>
    <time>2025-04-27T07:17:14Z</time>
    <extensions>
     <power>306</power>
     <gpxtpx:TrackPointExtension>
      <gpxtpx:hr>163</gpxtpx:hr>
      <gpxtpx:cad>82</gpxtpx:cad>
     </gpxtpx:TrackPointExtension>
    </extensions>
   </trkpt>
   <trkpt lat="47.2050470" lon="-1.5672080">
    <ele>19.0</ele>
    <time>2025-04-27T07:17:15Z</time>
    <extensions>
     <power>307</power>
     <gpxtpx:TrackPointExtension>
      <gpxtpx:hr>164</gpxtpx:hr>
      <gpxtpx:cad>81</gpxtpx:cad>
     </gpxtpx:TrackPointExtension>
    </extensions>
   </trkpt>
   <trkpt lat="47.2050200" lon="-1.5672400">
    <ele>19.0</ele>
    <time>2025-04-27T07:17:16Z</time>
    <extensions>
     <power>308</power>
     <gpxtpx:TrackPointExtension>
      <gpxtpx:hr>165</gpxtpx:hr>
      <gpxtpx:cad>81</gpxtpx:cad>
     </gpxtpx:TrackPointExtension>
    </extensions>
   </trkpt>
   <trkpt lat="47.2049920" lon="-1.5672720">
    <ele>19.0</ele>
    <time>2025-04-27T07:17:17Z</time>
    <extensions>
     <power>309</power>
     <gpxtpx:TrackPointExtension>
      <gpxtpx:hr>166</gpxtpx:hr>
      <gpxtpx:cad>81</gpxtpx:cad>
     </gpxtpx:TrackPointExtension>
    </extensions>
   </trkpt>
   <trkpt lat="47.2049740" lon="-1.5673120">
    <ele>19.0</ele>
    <time>2025-04-27T07:17:18Z</time>
    <extensions>
     <power>311</power>
     <gpxtpx:TrackPointExtension>
      <gpxtpx:hr>166</gpxtpx:hr>
      <gpxtpx:cad>81</gpxtpx:cad>
     </gpxtpx:TrackPointExtension>
    </extensions>
   </trkpt>
   <trkpt lat="47.2049550" lon="-1.5673530">
    <ele>19.0</ele>
    <time>2025-04-27T07:17:19Z</time>
    <extensions>
     <power>313</power>
     <gpxtpx:TrackPointExtension>
      <gpxtpx:hr>166</gpxtpx:hr>
      <gpxtpx:cad>81</gpxtpx:cad>
     </gpxtpx:TrackPointExtension>
    </extensions>
   </trkpt>
   <trkpt lat="47.2049440" lon="-1.5673970">
    <ele>19.0</ele>
    <time>2025-04-27T07:17:20Z</time>
    <extensions>
     <power>315</power>
     <gpxtpx:TrackPointExtension>
      <gpxtpx:hr>166</gpxtpx:hr>
      <gpxtpx:cad>81</gpxtpx:cad>
     </gpxtpx:TrackPointExtension>
    </extensions>
   </trkpt>
   <trkpt lat="47.2049320" lon="-1.5674410">
    <ele>19.0</ele>
    <time>2025-04-27T07:17:21Z</time>
    <extensions>
     <power>316</power>
     <gpxtpx:TrackPointExtension>
      <gpxtpx:hr>166</gpxtpx:hr>
      <gpxtpx:cad>80</gpxtpx:cad>
     </gpxtpx:TrackPointExtension>
    </extensions>
   </trkpt>
   <trkpt lat="47.2049240" lon="-1.5674810">
    <ele>19.0</ele>
    <time>2025-04-27T07:17:22Z</time>
    <extensions>
     <power>317</power>
     <gpxtpx:TrackPointExtension>
      <gpxtpx:hr>165</gpxtpx:hr>
      <gpxtpx:cad>80</gpxtpx:cad>
     </gpxtpx:TrackPointExtension>
    </extensions>
   </trkpt>
   <trkpt lat="47.2049160" lon="-1.5675210">
    <ele>19.0</ele>
    <time>2025-04-27T07:17:23Z</time>
    <extensions>
     <power>318</power>
     <gpxtpx:TrackPointExtension>
      <gpxtpx:hr>165</gpxtpx:hr>
      <gpxtpx:cad>79</gpxtpx:cad>
     </gpxtpx:TrackPointExtension>
    </extensions>
   </trkpt>
   <trkpt lat="47.2049100" lon="-1.5675570">
    <ele>19.0</ele>
    <time>2025-04-27T07:17:24Z</time>
    <extensions>
     <power>320</power>
     <gpxtpx:TrackPointExtension>
      <gpxtpx:hr>164</gpxtpx:hr>
      <gpxtpx:cad>79</gpxtpx:cad>
     </gpxtpx:TrackPointExtension>
    </extensions>
   </trkpt>
   <trkpt lat="47.2049030" lon="-1.5675930">
    <ele>19.0</ele>
    <time>2025-04-27T07:17:25Z</time>
    <extensions>
     <power>317</power>
     <gpxtpx:TrackPointExtension>
      <gpxtpx:hr>164</gpxtpx:hr>
      <gpxtpx:cad>78</gpxtpx:cad>
     </gpxtpx:TrackPointExtension>
    </extensions>
   </trkpt>
   <trkpt lat="47.2048930" lon="-1.5676320">
    <ele>19.0</ele>
    <time>2025-04-27T07:17:26Z</time>
    <extensions>
     <power>314</power>
     <gpxtpx:TrackPointExtension>
      <gpxtpx:hr>163</gpxtpx:hr>
      <gpxtpx:cad>78</gpxtpx:cad>
     </gpxtpx:TrackPointExtension>
    </extensions>
   </trkpt>
   <trkpt lat="47.2048840" lon="-1.5676710">
    <ele>19.0</ele>
    <time>2025-04-27T07:17:27Z</time>
    <extensions>
     <power>311</power>
     <gpxtpx:TrackPointExtension>
      <gpxtpx:hr>163</gpxtpx:hr>
      <gpxtpx:cad>78</gpxtpx:cad>
     </gpxtpx:TrackPointExtension>
    </extensions>
   </trkpt>
   <trkpt lat="47.2048730" lon="-1.5677140">
    <ele>19.0</ele>
    <time>2025-04-27T07:17:28Z</time>
    <extensions>
     <power>308</power>
     <gpxtpx:TrackPointExtension>
      <gpxtpx:hr>163</gpxtpx:hr>
      <gpxtpx:cad>78</gpxtpx:cad>
     </gpxtpx:TrackPointExtension>
    </extensions>
   </trkpt>
   <trkpt lat="47.2048620" lon="-1.5677560">
    <ele>19.0</ele>
    <time>2025-04-27T07:17:29Z</time>
    <extensions>
     <power>307</power>
     <gpxtpx:TrackPointExtension>
      <gpxtpx:hr>162</gpxtpx:hr>
      <gpxtpx:cad>78</gpxtpx:cad>
     </gpxtpx:TrackPointExtension>
    </extensions>
   </trkpt>
   <trkpt lat="47.2048510" lon="-1.5678010">
    <ele>19.0</ele>
    <time>2025-04-27T07:17:30Z</time>
    <extensions>
     <power>306</power>
     <gpxtpx:TrackPointExtension>
      <gpxtpx:hr>161</gpxtpx:hr>
      <gpxtpx:cad>78</gpxtpx:cad>
     </gpxtpx:TrackPointExtension>
    </extensions>
   </trkpt>
   <trkpt lat="47.2048400" lon="-1.5678470">
    <ele>19.0</ele>
    <time>2025-04-27T07:17:31Z</time>
    <extensions>
     <power>305</power>
     <gpxtpx:TrackPointExtension>
      <gpxtpx:hr>161</gpxtpx:hr>
      <gpxtpx:cad>78</gpxtpx:cad>
     </gpxtpx:TrackPointExtension>
    </extensions>
   </trkpt>
   <trkpt lat="47.2048280" lon="-1.5678940">
    <ele>19.0</ele>
    <time>2025-04-27T07:17:32Z</time>
    <extensions>
     <power>304</power>
     <gpxtpx:TrackPointExtension>
      <gpxtpx:hr>161</gpxtpx:hr>
      <gpxtpx:cad>78</gpxtpx:cad>
     </gpxtpx:TrackPointExtension>
    </extensions>
   </trkpt>
   <trkpt lat="47.2048160" lon="-1.5679420">
    <ele>19.0</ele>
    <time>2025-04-27T07:17:33Z</time>
    <extensions>
     <power>303</power>
     <gpxtpx:TrackPointExtension>
      <gpxtpx:hr>160</gpxtpx:hr>
      <gpxtpx:cad>79</gpxtpx:cad>
     </gpxtpx:TrackPointExtension>
    </extensions>
   </trkpt>
   <trkpt lat="47.2048030" lon="-1.5679900">
    <ele>19.0</ele>
    <time>2025-04-27T07:17:34Z</time>
    <extensions>
     <power>303</power>
     <gpxtpx:TrackPointExtension>
      <gpxtpx:hr>160</gpxtpx:hr>
      <gpxtpx:cad>79</gpxtpx:cad>
     </gpxtpx:TrackPointExtension>
    </extensions>
   </trkpt>
   <trkpt lat="47.2047910" lon="-1.5680380">
    <ele>19.0</ele>
    <time>2025-04-27T07:17:35Z</time>
    <extensions>
     <power>303</power>
     <gpxtpx:TrackPointExtension>
      <gpxtpx:hr>160</gpxtpx:hr>
      <gpxtpx:cad>79</gpxtpx:cad>
     </gpxtpx:TrackPointExtension>
    </extensions>
   </trkpt>
   <trkpt lat="47.2047790" lon="-1.5680850">
    <ele>19.0</ele>
    <time>2025-04-27T07:17:36Z</time>
    <extensions>
     <power>303</power>
     <gpxtpx:TrackPointExtension>
      <gpxtpx:hr>160</gpxtpx:hr>
      <gpxtpx:cad>79</gpxtpx:cad>
     </gpxtpx:TrackPointExtension>
    </extensions>
   </trkpt>
   <trkpt lat="47.2047670" lon="-1.5681330">
    <ele>19.0</ele>
    <time>2025-04-27T07:17:37Z</time>
    <extensions>
     <power>303</power>
     <gpxtpx:TrackPointExtension>
      <gpxtpx:hr>161</gpxtpx:hr>
      <gpxtpx:cad>79</gpxtpx:cad>
     </gpxtpx:TrackPointExtension>
    </extensions>
   </trkpt>
   <trkpt lat="47.2047570" lon="-1.5681800">
    <ele>19.0</ele>
    <time>2025-04-27T07:17:38Z</time>
    <extensions>
     <power>303</power>
     <gpxtpx:TrackPointExtension>
      <gpxtpx:hr>161</gpxtpx:hr>
      <gpxtpx:cad>78</gpxtpx:cad>
     </gpxtpx:TrackPointExtension>
    </extensions>
   </trkpt>
   <trkpt lat="47.2047460" lon="-1.5682270">
    <ele>19.0</ele>
    <time>2025-04-27T07:17:39Z</time>
    <extensions>
     <power>303</power>
     <gpxtpx:TrackPointExtension>
      <gpxtpx:hr>161</gpxtpx:hr>
      <gpxtpx:cad>78</gpxtpx:cad>
     </gpxtpx:TrackPointExtension>
    </extensions>
   </trkpt>
   <trkpt lat="47.2047370" lon="-1.5682720">
    <ele>19.0</ele>
    <time>2025-04-27T07:17:40Z</time>
    <extensions>
     <power>304</power>
     <gpxtpx:TrackPointExtension>
      <gpxtpx:hr>161</gpxtpx:hr>
      <gpxtpx:cad>78</gpxtpx:cad>
     </gpxtpx:TrackPointExtension>
    </extensions>
   </trkpt>
   <trkpt lat="47.2047290" lon="-1.5683180">
    <ele>19.0</ele>
    <time>2025-04-27T07:17:41Z</time>
    <extensions>
     <power>304</power>
     <gpxtpx:TrackPointExtension>
      <gpxtpx:hr>161</gpxtpx:hr>
      <gpxtpx:cad>78</gpxtpx:cad>
     </gpxtpx:TrackPointExtension>
    </extensions>
   </trkpt>
   <trkpt lat="47.2047250" lon="-1.5683620">
    <ele>19.0</ele>
    <time>2025-04-27T07:17:42Z</time>
    <extensions>
     <power>304</power>
     <gpxtpx:TrackPointExtension>
      <gpxtpx:hr>162</gpxtpx:hr>
      <gpxtpx:cad>78</gpxtpx:cad>
     </gpxtpx:TrackPointExtension>
    </extensions>
   </trkpt>
   <trkpt lat="47.2047200" lon="-1.5684050">
    <ele>19.0</ele>
    <time>2025-04-27T07:17:43Z</time>
    <extensions>
     <power>304</power>
     <gpxtpx:TrackPointExtension>
      <gpxtpx:hr>161</gpxtpx:hr>
      <gpxtpx:cad>77</gpxtpx:cad>
     </gpxtpx:TrackPointExtension>
    </extensions>
   </trkpt>
   <trkpt lat="47.2047170" lon="-1.5684480">
    <ele>19.0</ele>
    <time>2025-04-27T07:17:44Z</time>
    <extensions>
     <power>305</power>
     <gpxtpx:TrackPointExtension>
      <gpxtpx:hr>161</gpxtpx:hr>
      <gpxtpx:cad>77</gpxtpx:cad>
     </gpxtpx:TrackPointExtension>
    </extensions>
   </trkpt>
   <trkpt lat="47.2047130" lon="-1.5684920">
    <ele>19.0</ele>
    <time>2025-04-27T07:17:45Z</time>
    <extensions>
     <power>304</power>
     <gpxtpx:TrackPointExtension>
      <gpxtpx:hr>161</gpxtpx:hr>
      <gpxtpx:cad>77</gpxtpx:cad>
     </gpxtpx:TrackPointExtension>
    </extensions>
   </trkpt>
   <trkpt lat="47.2047090" lon="-1.5685350">
    <ele>19.0</ele>
    <time>2025-04-27T07:17:46Z</time>
    <extensions>
     <power>304</power>
     <gpxtpx:TrackPointExtension>
      <gpxtpx:hr>161</gpxtpx:hr>
      <gpxtpx:cad>77</gpxtpx:cad>
     </gpxtpx:TrackPointExtension>
    </extensions>
   </trkpt>
   <trkpt lat="47.2047050" lon="-1.5685790">
    <ele>19.0</ele>
    <time>2025-04-27T07:17:47Z</time>
    <extensions>
     <power>302</power>
     <gpxtpx:TrackPointExtension>
      <gpxtpx:hr>161</gpxtpx:hr>
      <gpxtpx:cad>77</gpxtpx:cad>
     </gpxtpx:TrackPointExtension>
    </extensions>
   </trkpt>
   <trkpt lat="47.2046980" lon="-1.5686220">
    <ele>19.0</ele>
    <time>2025-04-27T07:17:48Z</time>
    <extensions>
     <power>301</power>
     <gpxtpx:TrackPointExtension>
      <gpxtpx:hr>161</gpxtpx:hr>
      <gpxtpx:cad>77</gpxtpx:cad>
     </gpxtpx:TrackPointExtension>
    </extensions>
   </trkpt>
   <trkpt lat="47.2046920" lon="-1.5686650">
    <ele>19.0</ele>
    <time>2025-04-27T07:17:49Z</time>
    <extensions>
     <power>300</power>
     <gpxtpx:TrackPointExtension>
      <gpxtpx:hr>161</gpxtpx:hr>
      <gpxtpx:cad>77</gpxtpx:cad>
     </gpxtpx:TrackPointExtension>
    </extensions>
   </trkpt>
   <trkpt lat="47.2046840" lon="-1.5687100">
    <ele>19.0</ele>
    <time>2025-04-27T07:17:50Z</time>
    <extensions>
     <power>300</power>
     <gpxtpx:TrackPointExtension>
      <gpxtpx:hr>161</gpxtpx:hr>
      <gpxtpx:cad>77</gpxtpx:cad>
     </gpxtpx:TrackPointExtension>
    </extensions>
   </trkpt>
   <trkpt lat="47.2046750" lon="-1.5687550">
    <ele>19.0</ele>
    <time>2025-04-27T07:17:51Z</time>
    <extensions>
     <power>299</power>
     <gpxtpx:TrackPointExtension>
      <gpxtpx:hr>161</gpxtpx:hr>
      <gpxtpx:cad>77</gpxtpx:cad>
     </gpxtpx:TrackPointExtension>
    </extensions>
   </trkpt>
   <trkpt lat="47.2046670" lon="-1.5688020">
    <ele>19.0</ele>
    <time>2025-04-27T07:17:52Z</time>
    <extensions>
     <power>299</power>
     <gpxtpx:TrackPointExtension>
      <gpxtpx:hr>161</gpxtpx:hr>
      <gpxtpx:cad>77</gpxtpx:cad>
     </gpxtpx:TrackPointExtension>
    </extensions>
   </trkpt>
   <trkpt lat="47.2046580" lon="-1.5688490">
    <ele>19.0</ele>
    <time>2025-04-27T07:17:53Z</time>
    <extensions>
     <power>299</power>
     <gpxtpx:TrackPointExtension>
      <gpxtpx:hr>161</gpxtpx:hr>
      <gpxtpx:cad>77</gpxtpx:cad>
     </gpxtpx:TrackPointExtension>
    </extensions>
   </trkpt>
   <trkpt lat="47.2046490" lon="-1.5688950">
    <ele>19.0</ele>
    <time>2025-04-27T07:17:54Z</time>
    <extensions>
     <power>299</power>
     <gpxtpx:TrackPointExtension>
      <gpxtpx:hr>161</gpxtpx:hr>
      <gpxtpx:cad>77</gpxtpx:cad>
     </gpxtpx:TrackPointExtension>
    </extensions>
   </trkpt>
   <trkpt lat="47.2046410" lon="-1.5689420">
    <ele>19.0</ele>
    <time>2025-04-27T07:17:55Z</time>
    <extensions>
     <power>298</power>
     <gpxtpx:TrackPointExtension>
      <gpxtpx:hr>161</gpxtpx:hr>
      <gpxtpx:cad>76</gpxtpx:cad>
     </gpxtpx:TrackPointExtension>
    </extensions>
   </trkpt>
   <trkpt lat="47.2046330" lon="-1.5689890">
    <ele>19.0</ele>
    <time>2025-04-27T07:17:56Z</time>
    <extensions>
     <power>298</power>
     <gpxtpx:TrackPointExtension>
      <gpxtpx:hr>161</gpxtpx:hr>
      <gpxtpx:cad>76</gpxtpx:cad>
     </gpxtpx:TrackPointExtension>
    </extensions>
   </trkpt>
   <trkpt lat="47.2046250" lon="-1.5690370">
    <ele>19.0</ele>
    <time>2025-04-27T07:17:57Z</time>
    <extensions>
     <power>297</power>
     <gpxtpx:TrackPointExtension>
      <gpxtpx:hr>161</gpxtpx:hr>
      <gpxtpx:cad>76</gpxtpx:cad>
     </gpxtpx:TrackPointExtension>
    </extensions>
   </trkpt>
   <trkpt lat="47.2046180" lon="-1.5690850">
    <ele>19.0</ele>
    <time>2025-04-27T07:17:58Z</time>
    <extensions>
     <power>297</power>
     <gpxtpx:TrackPointExtension>
      <gpxtpx:hr>161</gpxtpx:hr>
      <gpxtpx:cad>76</gpxtpx:cad>
     </gpxtpx:TrackPointExtension>
    </extensions>
   </trkpt>
   <trkpt lat="47.2046110" lon="-1.5691340">
    <ele>19.0</ele>
    <time>2025-04-27T07:17:59Z</time>
    <extensions>
     <power>297</power>
     <gpxtpx:TrackPointExtension>
      <gpxtpx:hr>161</gpxtpx:hr>
      <gpxtpx:cad>76</gpxtpx:cad>
     </gpxtpx:TrackPointExtension>
    </extensions>
   </trkpt>
   <trkpt lat="47.2046070" lon="-1.5691840">
    <ele>19.0</ele>
    <time>2025-04-27T07:18:00Z</time>
    <extensions>
     <power>297</power>
     <gpxtpx:TrackPointExtension>
      <gpxtpx:hr>161</gpxtpx:hr>
      <gpxtpx:cad>76</gpxtpx:cad>
     </gpxtpx:TrackPointExtension>
    </extensions>
   </trkpt>
   <trkpt lat="47.2046030" lon="-1.5692330">
    <ele>19.0</ele>
    <time>2025-04-27T07:18:01Z</time>
    <extensions>
     <power>297</power>
     <gpxtpx:TrackPointExtension>
      <gpxtpx:hr>161</gpxtpx:hr>
      <gpxtpx:cad>76</gpxtpx:cad>
     </gpxtpx:TrackPointExtension>
    </extensions>
   </trkpt>
   <trkpt lat="47.2046020" lon="-1.5692800">
    <ele>19.0</ele>
    <time>2025-04-27T07:18:02Z</time>
    <extensions>
     <power>298</power>
     <gpxtpx:TrackPointExtension>
      <gpxtpx:hr>160</gpxtpx:hr>
      <gpxtpx:cad>76</gpxtpx:cad>
     </gpxtpx:TrackPointExtension>
    </extensions>
   </trkpt>
   <trkpt lat="47.2046020" lon="-1.5693260">
    <ele>19.0</ele>
    <time>2025-04-27T07:18:03Z</time>
    <extensions>
     <power>298</power>
     <gpxtpx:TrackPointExtension>
      <gpxtpx:hr>160</gpxtpx:hr>
      <gpxtpx:cad>76</gpxtpx:cad>
     </gpxtpx:TrackPointExtension>
    </extensions>
   </trkpt>
   <trkpt lat="47.2045980" lon="-1.5693650">
    <ele>19.0</ele>
    <time>2025-04-27T07:18:04Z</time>
    <extensions>
     <power>298</power>
     <gpxtpx:TrackPointExtension>
      <gpxtpx:hr>160</gpxtpx:hr>
      <gpxtpx:cad>76</gpxtpx:cad>
     </gpxtpx:TrackPointExtension>
    </extensions>
   </trkpt>
   <trkpt lat="47.2045940" lon="-1.5694040">
    <ele>19.0</ele>
    <time>2025-04-27T07:18:05Z</time>
    <extensions>
     <power>298</power>
     <gpxtpx:TrackPointExtension>
      <gpxtpx:hr>160</gpxtpx:hr>
      <gpxtpx:cad>76</gpxtpx:cad>
     </gpxtpx:TrackPointExtension>
    </extensions>
   </trkpt>
   <trkpt lat="47.2045860" lon="-1.5694410">
    <ele>19.0</ele>
    <time>2025-04-27T07:18:06Z</time>
    <extensions>
     <power>298</power>
     <gpxtpx:TrackPointExtension>
      <gpxtpx:hr>160</gpxtpx:hr>
      <gpxtpx:cad>76</gpxtpx:cad>
     </gpxtpx:TrackPointExtension>
    </extensions>
   </trkpt>
   <trkpt lat="47.2045780" lon="-1.5694780">
    <ele>19.0</ele>
    <time>2025-04-27T07:18:07Z</time>
    <extensions>
     <power>298</power>
     <gpxtpx:TrackPointExtension>
      <gpxtpx:hr>160</gpxtpx:hr>
      <gpxtpx:cad>76</gpxtpx:cad>
     </gpxtpx:TrackPointExtension>
    </extensions>
   </trkpt>
   <trkpt lat="47.2045680" lon="-1.5695160">
    <ele>19.0</ele>
    <time>2025-04-27T07:18:08Z</time>
    <extensions>
     <power>298</power>
     <gpxtpx:TrackPointExtension>
      <gpxtpx:hr>160</gpxtpx:hr>
      <gpxtpx:cad>76</gpxtpx:cad>
     </gpxtpx:TrackPointExtension>
    </extensions>
   </trkpt>
   <trkpt lat="47.2045570" lon="-1.5695550">
    <ele>19.0</ele>
    <time>2025-04-27T07:18:09Z</time>
    <extensions>
     <power>297</power>
     <gpxtpx:TrackPointExtension>
      <gpxtpx:hr>161</gpxtpx:hr>
      <gpxtpx:cad>76</gpxtpx:cad>
     </gpxtpx:TrackPointExtension>
    </extensions>
   </trkpt>
   <trkpt lat="47.2045460" lon="-1.5695960">
    <ele>19.0</ele>
    <time>2025-04-27T07:18:10Z</time>
    <extensions>
     <power>296</power>
     <gpxtpx:TrackPointExtension>
      <gpxtpx:hr>161</gpxtpx:hr>
      <gpxtpx:cad>76</gpxtpx:cad>
     </gpxtpx:TrackPointExtension>
    </extensions>
   </trkpt>
   <trkpt lat="47.2045350" lon="-1.5696360">
    <ele>19.0</ele>
    <time>2025-04-27T07:18:11Z</time>
    <extensions>
     <power>295</power>
     <gpxtpx:TrackPointExtension>
      <gpxtpx:hr>161</gpxtpx:hr>
      <gpxtpx:cad>76</gpxtpx:cad>
     </gpxtpx:TrackPointExtension>
    </extensions>
   </trkpt>
   <trkpt lat="47.2045250" lon="-1.5696810">
    <ele>19.0</ele>
    <time>2025-04-27T07:18:12Z</time>
    <extensions>
     <power>295</power>
     <gpxtpx:TrackPointExtension>
      <gpxtpx:hr>162</gpxtpx:hr>
      <gpxtpx:cad>76</gpxtpx:cad>
     </gpxtpx:TrackPointExtension>
    </extensions>
   </trkpt>
   <trkpt lat="47.2045150" lon="-1.5697260">
    <ele>19.0</ele>
    <time>2025-04-27T07:18:13Z</time>
    <extensions>
     <power>294</power>
     <gpxtpx:TrackPointExtension>
      <gpxtpx:hr>161</gpxtpx:hr>
      <gpxtpx:cad>76</gpxtpx:cad>
     </gpxtpx:TrackPointExtension>
    </extensions>
   </trkpt>
   <trkpt lat="47.2045060" lon="-1.5697730">
    <ele>19.0</ele>
    <time>2025-04-27T07:18:14Z</time>
    <extensions>
     <power>293</power>
     <gpxtpx:TrackPointExtension>
      <gpxtpx:hr>161</gpxtpx:hr>
      <gpxtpx:cad>77</gpxtpx:cad>
     </gpxtpx:TrackPointExtension>
    </extensions>
   </trkpt>
   <trkpt lat="47.2044980" lon="-1.5698200">
    <ele>19.0</ele>
    <time>2025-04-27T07:18:15Z</time>
    <extensions>
     <power>292</power>
     <gpxtpx:TrackPointExtension>
      <gpxtpx:hr>161</gpxtpx:hr>
      <gpxtpx:cad>77</gpxtpx:cad>
     </gpxtpx:TrackPointExtension>
    </extensions>
   </trkpt>
   <trkpt lat="47.2044920" lon="-1.5698680">
    <ele>19.0</ele>
    <time>2025-04-27T07:18:16Z</time>
    <extensions>
     <power>292</power>
     <gpxtpx:TrackPointExtension>
      <gpxtpx:hr>161</gpxtpx:hr>
      <gpxtpx:cad>77</gpxtpx:cad>
     </gpxtpx:TrackPointExtension>
    </extensions>
   </trkpt>
   <trkpt lat="47.2044850" lon="-1.5699160">
    <ele>19.0</ele>
    <time>2025-04-27T07:18:17Z</time>
    <extensions>
     <power>294</power>
     <gpxtpx:TrackPointExtension>
      <gpxtpx:hr>161</gpxtpx:hr>
      <gpxtpx:cad>77</gpxtpx:cad>
     </gpxtpx:TrackPointExtension>
    </extensions>
   </trkpt>
   <trkpt lat="47.2044760" lon="-1.5699620">
    <ele>19.0</ele>
    <time>2025-04-27T07:18:18Z</time>
    <extensions>
     <power>296</power>
     <gpxtpx:TrackPointExtension>
      <gpxtpx:hr>162</gpxtpx:hr>
      <gpxtpx:cad>78</gpxtpx:cad>
     </gpxtpx:TrackPointExtension>
    </extensions>
   </trkpt>
   <trkpt lat="47.2044670" lon="-1.5700090">
    <ele>19.0</ele>
    <time>2025-04-27T07:18:19Z</time>
    <extensions>
     <power>297</power>
     <gpxtpx:TrackPointExtension>
      <gpxtpx:hr>163</gpxtpx:hr>
      <gpxtpx:cad>78</gpxtpx:cad>
     </gpxtpx:TrackPointExtension>
    </extensions>
   </trkpt>
   <trkpt lat="47.2044560" lon="-1.5700540">
    <ele>19.0</ele>
    <time>2025-04-27T07:18:20Z</time>
    <extensions>
     <power>299</power>
     <gpxtpx:TrackPointExtension>
      <gpxtpx:hr>164</gpxtpx:hr>
      <gpxtpx:cad>78</gpxtpx:cad>
     </gpxtpx:TrackPointExtension>
    </extensions>
   </trkpt>
   <trkpt lat="47.2044450" lon="-1.5700990">
    <ele>19.0</ele>
    <time>2025-04-27T07:18:21Z</time>
    <extensions>
     <power>301</power>
     <gpxtpx:TrackPointExtension>
      <gpxtpx:hr>165</gpxtpx:hr>
      <gpxtpx:cad>78</gpxtpx:cad>
     </gpxtpx:TrackPointExtension>
    </extensions>
   </trkpt>
   <trkpt lat="47.2044350" lon="-1.5701440">
    <ele>19.0</ele>
    <time>2025-04-27T07:18:22Z</time>
    <extensions>
     <power>303</power>
     <gpxtpx:TrackPointExtension>
      <gpxtpx:hr>166</gpxtpx:hr>
      <gpxtpx:cad>77</gpxtpx:cad>
     </gpxtpx:TrackPointExtension>
    </extensions>
   </trkpt>
   <trkpt lat="47.2044250" lon="-1.5701900">
    <ele>19.0</ele>
    <time>2025-04-27T07:18:23Z</time>
    <extensions>
     <power>304</power>
     <gpxtpx:TrackPointExtension>
      <gpxtpx:hr>166</gpxtpx:hr>
      <gpxtpx:cad>77</gpxtpx:cad>
     </gpxtpx:TrackPointExtension>
    </extensions>
   </trkpt>
   <trkpt lat="47.2044140" lon="-1.5702370">
    <ele>19.0</ele>
    <time>2025-04-27T07:18:24Z</time>
    <extensions>
     <power>306</power>
     <gpxtpx:TrackPointExtension>
      <gpxtpx:hr>167</gpxtpx:hr>
      <gpxtpx:cad>77</gpxtpx:cad>
     </gpxtpx:TrackPointExtension>
    </extensions>
   </trkpt>
   <trkpt lat="47.2044030" lon="-1.5702840">
    <ele>19.0</ele>
    <time>2025-04-27T07:18:25Z</time>
    <extensions>
     <power>306</power>
     <gpxtpx:TrackPointExtension>
      <gpxtpx:hr>168</gpxtpx:hr>
      <gpxtpx:cad>77</gpxtpx:cad>
     </gpxtpx:TrackPointExtension>
    </extensions>
   </trkpt>
   <trkpt lat="47.2043920" lon="-1.5703310">
    <ele>19.0</ele>
    <time>2025-04-27T07:18:26Z</time>
    <extensions>
     <power>307</power>
     <gpxtpx:TrackPointExtension>
      <gpxtpx:hr>169</gpxtpx:hr>
      <gpxtpx:cad>77</gpxtpx:cad>
     </gpxtpx:TrackPointExtension>
    </extensions>
   </trkpt>
   <trkpt lat="47.2043810" lon="-1.5703780">
    <ele>19.0</ele>
    <time>2025-04-27T07:18:27Z</time>
    <extensions>
     <power>307</power>
     <gpxtpx:TrackPointExtension>
      <gpxtpx:hr>170</gpxtpx:hr>
      <gpxtpx:cad>77</gpxtpx:cad>
     </gpxtpx:TrackPointExtension>
    </extensions>
   </trkpt>
   <trkpt lat="47.2043700" lon="-1.5704250">
    <ele>19.0</ele>
    <time>2025-04-27T07:18:28Z</time>
    <extensions>
     <power>308</power>
     <gpxtpx:TrackPointExtension>
      <gpxtpx:hr>170</gpxtpx:hr>
      <gpxtpx:cad>77</gpxtpx:cad>
     </gpxtpx:TrackPointExtension>
    </extensions>
   </trkpt>
   <trkpt lat="47.2043600" lon="-1.5704720">
    <ele>19.0</ele>
    <time>2025-04-27T07:18:29Z</time>
    <extensions>
     <power>308</power>
     <gpxtpx:TrackPointExtension>
      <gpxtpx:hr>171</gpxtpx:hr>
      <gpxtpx:cad>77</gpxtpx:cad>
     </gpxtpx:TrackPointExtension>
    </extensions>
   </trkpt>
   <trkpt lat="47.2043510" lon="-1.5705180">
    <ele>19.0</ele>
    <time>2025-04-27T07:18:30Z</time>
    <extensions>
     <power>309</power>
     <gpxtpx:TrackPointExtension>
      <gpxtpx:hr>171</gpxtpx:hr>
      <gpxtpx:cad>77</gpxtpx:cad>
     </gpxtpx:TrackPointExtension>
    </extensions>
   </trkpt>
   <trkpt lat="47.2043420" lon="-1.5705640">
    <ele>19.0</ele>
    <time>2025-04-27T07:18:31Z</time>
    <extensions>
     <power>309</power>
     <gpxtpx:TrackPointExtension>
      <gpxtpx:hr>171</gpxtpx:hr>
      <gpxtpx:cad>77</gpxtpx:cad>
     </gpxtpx:TrackPointExtension>
    </extensions>
   </trkpt>
   <trkpt lat="47.2043330" lon="-1.5706110">
    <ele>19.0</ele>
    <time>2025-04-27T07:18:32Z</time>
    <extensions>
     <power>309</power>
     <gpxtpx:TrackPointExtension>
      <gpxtpx:hr>171</gpxtpx:hr>
      <gpxtpx:cad>77</gpxtpx:cad>
     </gpxtpx:TrackPointExtension>
    </extensions>
   </trkpt>
   <trkpt lat="47.2043250" lon="-1.5706570">
    <ele>19.0</ele>
    <time>2025-04-27T07:18:33Z</time>
    <extensions>
     <power>309</power>
     <gpxtpx:TrackPointExtension>
      <gpxtpx:hr>171</gpxtpx:hr>
      <gpxtpx:cad>77</gpxtpx:cad>
     </gpxtpx:TrackPointExtension>
    </extensions>
   </trkpt>
   <trkpt lat="47.2043170" lon="-1.5707030">
    <ele>19.0</ele>
    <time>2025-04-27T07:18:34Z</time>
    <extensions>
     <power>310</power>
     <gpxtpx:TrackPointExtension>
      <gpxtpx:hr>170</gpxtpx:hr>
      <gpxtpx:cad>77</gpxtpx:cad>
     </gpxtpx:TrackPointExtension>
    </extensions>
   </trkpt>
   <trkpt lat="47.2043090" lon="-1.5707490">
    <ele>19.0</ele>
    <time>2025-04-27T07:18:35Z</time>
    <extensions>
     <power>310</power>
     <gpxtpx:TrackPointExtension>
      <gpxtpx:hr>170</gpxtpx:hr>
      <gpxtpx:cad>76</gpxtpx:cad>
     </gpxtpx:TrackPointExtension>
    </extensions>
   </trkpt>
   <trkpt lat="47.2043010" lon="-1.5707940">
    <ele>19.0</ele>
    <time>2025-04-27T07:18:36Z</time>
    <extensions>
     <power>310</power>
     <gpxtpx:TrackPointExtension>
      <gpxtpx:hr>170</gpxtpx:hr>
      <gpxtpx:cad>76</gpxtpx:cad>
     </gpxtpx:TrackPointExtension>
    </extensions>
   </trkpt>
   <trkpt lat="47.2042930" lon="-1.5708380">
    <ele>19.0</ele>
    <time>2025-04-27T07:18:37Z</time>
    <extensions>
     <power>310</power>
     <gpxtpx:TrackPointExtension>
      <gpxtpx:hr>170</gpxtpx:hr>
      <gpxtpx:cad>75</gpxtpx:cad>
     </gpxtpx:TrackPointExtension>
    </extensions>
   </trkpt>
   <trkpt lat="47.2042840" lon="-1.5708820">
    <ele>19.0</ele>
    <time>2025-04-27T07:18:38Z</time>
    <extensions>
     <power>311</power>
     <gpxtpx:TrackPointExtension>
      <gpxtpx:hr>169</gpxtpx:hr>
      <gpxtpx:cad>75</gpxtpx:cad>
     </gpxtpx:TrackPointExtension>
    </extensions>
   </trkpt>
   <trkpt lat="47.2042760" lon="-1.5709260">
    <ele>19.0</ele>
    <time>2025-04-27T07:18:39Z</time>
    <extensions>
     <power>311</power>
     <gpxtpx:TrackPointExtension>
      <gpxtpx:hr>169</gpxtpx:hr>
      <gpxtpx:cad>75</gpxtpx:cad>
     </gpxtpx:TrackPointExtension>
    </extensions>
   </trkpt>
   <trkpt lat="47.2042680" lon="-1.5709700">
    <ele>19.0</ele>
    <time>2025-04-27T07:18:40Z</time>
    <extensions>
     <power>311</power>
     <gpxtpx:TrackPointExtension>
      <gpxtpx:hr>168</gpxtpx:hr>
      <gpxtpx:cad>76</gpxtpx:cad>
     </gpxtpx:TrackPointExtension>
    </extensions>
   </trkpt>
   <trkpt lat="47.2042600" lon="-1.5710150">
    <ele>19.0</ele>
    <time>2025-04-27T07:18:41Z</time>
    <extensions>
     <power>310</power>
     <gpxtpx:TrackPointExtension>
      <gpxtpx:hr>168</gpxtpx:hr>
      <gpxtpx:cad>76</gpxtpx:cad>
     </gpxtpx:TrackPointExtension>
    </extensions>
   </trkpt>
   <trkpt lat="47.2042520" lon="-1.5710600">
    <ele>19.0</ele>
    <time>2025-04-27T07:18:42Z</time>
    <extensions>
     <power>310</power>
     <gpxtpx:TrackPointExtension>
      <gpxtpx:hr>167</gpxtpx:hr>
      <gpxtpx:cad>77</gpxtpx:cad>
     </gpxtpx:TrackPointExtension>
    </extensions>
   </trkpt>
   <trkpt lat="47.2042430" lon="-1.5711050">
    <ele>19.0</ele>
    <time>2025-04-27T07:18:43Z</time>
    <extensions>
     <power>309</power>
     <gpxtpx:TrackPointExtension>
      <gpxtpx:hr>166</gpxtpx:hr>
      <gpxtpx:cad>78</gpxtpx:cad>
     </gpxtpx:TrackPointExtension>
    </extensions>
   </trkpt>
   <trkpt lat="47.2042330" lon="-1.5711500">
    <ele>19.0</ele>
    <time>2025-04-27T07:18:44Z</time>
    <extensions>
     <power>309</power>
     <gpxtpx:TrackPointExtension>
      <gpxtpx:hr>166</gpxtpx:hr>
      <gpxtpx:cad>78</gpxtpx:cad>
     </gpxtpx:TrackPointExtension>
    </extensions>
   </trkpt>
   <trkpt lat="47.2042230" lon="-1.5711950">
    <ele>19.0</ele>
    <time>2025-04-27T07:18:45Z</time>
    <extensions>
     <power>308</power>
     <gpxtpx:TrackPointExtension>
      <gpxtpx:hr>165</gpxtpx:hr>
      <gpxtpx:cad>78</gpxtpx:cad>
     </gpxtpx:TrackPointExtension>
    </extensions>
   </trkpt>
   <trkpt lat="47.2042110" lon="-1.5712390">
    <ele>19.0</ele>
    <time>2025-04-27T07:18:46Z</time>
    <extensions>
     <power>308</power>
     <gpxtpx:TrackPointExtension>
      <gpxtpx:hr>164</gpxtpx:hr>
      <gpxtpx:cad>78</gpxtpx:cad>
     </gpxtpx:TrackPointExtension>
    </extensions>
   </trkpt>
   <trkpt lat="47.2041990" lon="-1.5712830">
    <ele>19.0</ele>
    <time>2025-04-27T07:18:47Z</time>
    <extensions>
     <power>308</power>
     <gpxtpx:TrackPointExtension>
      <gpxtpx:hr>164</gpxtpx:hr>
      <gpxtpx:cad>77</gpxtpx:cad>
     </gpxtpx:TrackPointExtension>
    </extensions>
   </trkpt>
   <trkpt lat="47.2041840" lon="-1.5713230">
    <ele>19.0</ele>
    <time>2025-04-27T07:18:48Z</time>
    <extensions>
     <power>308</power>
     <gpxtpx:TrackPointExtension>
      <gpxtpx:hr>164</gpxtpx:hr>
      <gpxtpx:cad>77</gpxtpx:cad>
     </gpxtpx:TrackPointExtension>
    </extensions>
   </trkpt>
   <trkpt lat="47.2041680" lon="-1.5713630">
    <ele>19.0</ele>
    <time>2025-04-27T07:18:49Z</time>
    <extensions>
     <power>307</power>
     <gpxtpx:TrackPointExtension>
      <gpxtpx:hr>164</gpxtpx:hr>
      <gpxtpx:cad>77</gpxtpx:cad>
     </gpxtpx:TrackPointExtension>
    </extensions>
   </trkpt>
   <trkpt lat="47.2041460" lon="-1.5713970">
    <ele>19.0</ele>
    <time>2025-04-27T07:18:50Z</time>
    <extensions>
     <power>307</power>
     <gpxtpx:TrackPointExtension>
      <gpxtpx:hr>165</gpxtpx:hr>
      <gpxtpx:cad>77</gpxtpx:cad>
     </gpxtpx:TrackPointExtension>
    </extensions>
   </trkpt>
   <trkpt lat="47.2041240" lon="-1.5714310">
    <ele>19.0</ele>
    <time>2025-04-27T07:18:51Z</time>
    <extensions>
     <power>307</power>
     <gpxtpx:TrackPointExtension>
      <gpxtpx:hr>166</gpxtpx:hr>
      <gpxtpx:cad>77</gpxtpx:cad>
     </gpxtpx:TrackPointExtension>
    </extensions>
   </trkpt>
   <trkpt lat="47.2040970" lon="-1.5714550">
    <ele>19.0</ele>
    <time>2025-04-27T07:18:52Z</time>
    <extensions>
     <power>307</power>
     <gpxtpx:TrackPointExtension>
      <gpxtpx:hr>167</gpxtpx:hr>
      <gpxtpx:cad>77</gpxtpx:cad>
     </gpxtpx:TrackPointExtension>
    </extensions>
   </trkpt>
   <trkpt lat="47.2040690" lon="-1.5714800">
    <ele>19.0</ele>
    <time>2025-04-27T07:18:53Z</time>
    <extensions>
     <power>306</power>
     <gpxtpx:TrackPointExtension>
      <gpxtpx:hr>167</gpxtpx:hr>
      <gpxtpx:cad>77</gpxtpx:cad>
     </gpxtpx:TrackPointExtension>
    </extensions>
   </trkpt>
   <trkpt lat="47.2040390" lon="-1.5714990">
    <ele>19.0</ele>
    <time>2025-04-27T07:18:54Z</time>
    <extensions>
     <power>306</power>
     <gpxtpx:TrackPointExtension>
      <gpxtpx:hr>168</gpxtpx:hr>
      <gpxtpx:cad>77</gpxtpx:cad>
     </gpxtpx:TrackPointExtension>
    </extensions>
   </trkpt>
   <trkpt lat="47.2040090" lon="-1.5715180">
    <ele>19.0</ele>
    <time>2025-04-27T07:18:55Z</time>
    <extensions>
     <power>306</power>
     <gpxtpx:TrackPointExtension>
      <gpxtpx:hr>169</gpxtpx:hr>
      <gpxtpx:cad>77</gpxtpx:cad>
     </gpxtpx:TrackPointExtension>
    </extensions>
   </trkpt>
   <trkpt lat="47.2039790" lon="-1.5715350">
    <ele>19.0</ele>
    <time>2025-04-27T07:18:56Z</time>
    <extensions>
     <power>306</power>
     <gpxtpx:TrackPointExtension>
      <gpxtpx:hr>170</gpxtpx:hr>
      <gpxtpx:cad>77</gpxtpx:cad>
     </gpxtpx:TrackPointExtension>
    </extensions>
   </trkpt>
   <trkpt lat="47.2039480" lon="-1.5715510">
    <ele>19.0</ele>
    <time>2025-04-27T07:18:57Z</time>
    <extensions>
     <power>306</power>
     <gpxtpx:TrackPointExtension>
      <gpxtpx:hr>170</gpxtpx:hr>
      <gpxtpx:cad>77</gpxtpx:cad>
     </gpxtpx:TrackPointExtension>
    </extensions>
   </trkpt>
   <trkpt lat="47.2039190" lon="-1.5715670">
    <ele>19.0</ele>
    <time>2025-04-27T07:18:58Z</time>
    <extensions>
     <power>306</power>
     <gpxtpx:TrackPointExtension>
      <gpxtpx:hr>171</gpxtpx:hr>
      <gpxtpx:cad>77</gpxtpx:cad>
     </gpxtpx:TrackPointExtension>
    </extensions>
   </trkpt>
   <trkpt lat="47.2038890" lon="-1.5715840">
    <ele>19.0</ele>
    <time>2025-04-27T07:18:59Z</time>
    <extensions>
     <power>305</power>
     <gpxtpx:TrackPointExtension>
      <gpxtpx:hr>172</gpxtpx:hr>
      <gpxtpx:cad>77</gpxtpx:cad>
     </gpxtpx:TrackPointExtension>
    </extensions>
   </trkpt>
   <trkpt lat="47.2038600" lon="-1.5716010">
    <ele>19.0</ele>
    <time>2025-04-27T07:19:00Z</time>
    <extensions>
     <power>305</power>
     <gpxtpx:TrackPointExtension>
      <gpxtpx:hr>172</gpxtpx:hr>
      <gpxtpx:cad>77</gpxtpx:cad>
     </gpxtpx:TrackPointExtension>
    </extensions>
   </trkpt>
   <trkpt lat="47.2038300" lon="-1.5716170">
    <ele>19.0</ele>
    <time>2025-04-27T07:19:01Z</time>
    <extensions>
     <power>305</power>
     <gpxtpx:TrackPointExtension>
      <gpxtpx:hr>173</gpxtpx:hr>
      <gpxtpx:cad>77</gpxtpx:cad>
     </gpxtpx:TrackPointExtension>
    </extensions>
   </trkpt>
   <trkpt lat="47.2038000" lon="-1.5716350">
    <ele>19.0</ele>
    <time>2025-04-27T07:19:02Z</time>
    <extensions>
     <power>305</power>
     <gpxtpx:TrackPointExtension>
      <gpxtpx:hr>174</gpxtpx:hr>
      <gpxtpx:cad>77</gpxtpx:cad>
     </gpxtpx:TrackPointExtension>
    </extensions>
   </trkpt>
   <trkpt lat="47.2037710" lon="-1.5716530">
    <ele>19.0</ele>
    <time>2025-04-27T07:19:03Z</time>
    <extensions>
     <power>305</power>
     <gpxtpx:TrackPointExtension>
      <gpxtpx:hr>176</gpxtpx:hr>
      <gpxtpx:cad>77</gpxtpx:cad>
     </gpxtpx:TrackPointExtension>
    </extensions>
   </trkpt>
   <trkpt lat="47.2037410" lon="-1.5716720">
    <ele>19.0</ele>
    <time>2025-04-27T07:19:04Z</time>
    <extensions>
     <power>305</power>
     <gpxtpx:TrackPointExtension>
      <gpxtpx:hr>177</gpxtpx:hr>
      <gpxtpx:cad>77</gpxtpx:cad>
     </gpxtpx:TrackPointExtension>
    </extensions>
   </trkpt>
   <trkpt lat="47.2037110" lon="-1.5716910">
    <ele>19.0</ele>
    <time>2025-04-27T07:19:05Z</time>
    <extensions>
     <power>304</power>
     <gpxtpx:TrackPointExtension>
      <gpxtpx:hr>178</gpxtpx:hr>
      <gpxtpx:cad>77</gpxtpx:cad>
     </gpxtpx:TrackPointExtension>
    </extensions>
   </trkpt>
   <trkpt lat="47.2036800" lon="-1.5717110">
    <ele>19.0</ele>
    <time>2025-04-27T07:19:06Z</time>
    <extensions>
     <power>304</power>
     <gpxtpx:TrackPointExtension>
      <gpxtpx:hr>178</gpxtpx:hr>
      <gpxtpx:cad>77</gpxtpx:cad>
     </gpxtpx:TrackPointExtension>
    </extensions>
   </trkpt>
   <trkpt lat="47.2036500" lon="-1.5717320">
    <ele>19.0</ele>
    <time>2025-04-27T07:19:07Z</time>
    <extensions>
     <power>304</power>
     <gpxtpx:TrackPointExtension>
      <gpxtpx:hr>178</gpxtpx:hr>
      <gpxtpx:cad>77</gpxtpx:cad>
     </gpxtpx:TrackPointExtension>
    </extensions>
   </trkpt>
   <trkpt lat="47.2036180" lon="-1.5717520">
    <ele>19.0</ele>
    <time>2025-04-27T07:19:08Z</time>
    <extensions>
     <power>304</power>
     <gpxtpx:TrackPointExtension>
      <gpxtpx:hr>178</gpxtpx:hr>
      <gpxtpx:cad>77</gpxtpx:cad>
     </gpxtpx:TrackPointExtension>
    </extensions>
   </trkpt>
   <trkpt lat="47.2035870" lon="-1.5717720">
    <ele>19.0</ele>
    <time>2025-04-27T07:19:09Z</time>
    <extensions>
     <power>304</power>
     <gpxtpx:TrackPointExtension>
      <gpxtpx:hr>179</gpxtpx:hr>
      <gpxtpx:cad>77</gpxtpx:cad>
     </gpxtpx:TrackPointExtension>
    </extensions>
   </trkpt>
   <trkpt lat="47.2035560" lon="-1.5717930">
    <ele>19.0</ele>
    <time>2025-04-27T07:19:10Z</time>
    <extensions>
     <power>304</power>
     <gpxtpx:TrackPointExtension>
      <gpxtpx:hr>179</gpxtpx:hr>
      <gpxtpx:cad>77</gpxtpx:cad>
     </gpxtpx:TrackPointExtension>
    </extensions>
   </trkpt>
   <trkpt lat="47.2035250" lon="-1.5718140">
    <ele>19.0</ele>
    <time>2025-04-27T07:19:11Z</time>
    <extensions>
     <power>304</power>
     <gpxtpx:TrackPointExtension>
      <gpxtpx:hr>179</gpxtpx:hr>
      <gpxtpx:cad>77</gpxtpx:cad>
     </gpxtpx:TrackPointExtension>
    </extensions>
   </trkpt>
   <trkpt lat="47.2034950" lon="-1.5718330">
    <ele>19.0</ele>
    <time>2025-04-27T07:19:12Z</time>
    <extensions>
     <power>305</power>
     <gpxtpx:TrackPointExtension>
      <gpxtpx:hr>179</gpxtpx:hr>
      <gpxtpx:cad>78</gpxtpx:cad>
     </gpxtpx:TrackPointExtension>
    </extensions>
   </trkpt>
   <trkpt lat="47.2034650" lon="-1.5718530">
    <ele>19.0</ele>
    <time>2025-04-27T07:19:13Z</time>
    <extensions>
     <power>306</power>
     <gpxtpx:TrackPointExtension>
      <gpxtpx:hr>178</gpxtpx:hr>
      <gpxtpx:cad>77</gpxtpx:cad>
     </gpxtpx:TrackPointExtension>
    </extensions>
   </trkpt>
   <trkpt lat="47.2034360" lon="-1.5718720">
    <ele>19.0</ele>
    <time>2025-04-27T07:19:14Z</time>
    <extensions>
     <power>308</power>
     <gpxtpx:TrackPointExtension>
      <gpxtpx:hr>178</gpxtpx:hr>
      <gpxtpx:cad>77</gpxtpx:cad>
     </gpxtpx:TrackPointExtension>
    </extensions>
   </trkpt>
   <trkpt lat="47.2034070" lon="-1.5718910">
    <ele>19.0</ele>
    <time>2025-04-27T07:19:15Z</time>
    <extensions>
     <power>308</power>
     <gpxtpx:TrackPointExtension>
      <gpxtpx:hr>178</gpxtpx:hr>
      <gpxtpx:cad>77</gpxtpx:cad>
     </gpxtpx:TrackPointExtension>
    </extensions>
   </trkpt>
   <trkpt lat="47.2033790" lon="-1.5719090">
    <ele>19.0</ele>
    <time>2025-04-27T07:19:16Z</time>
    <extensions>
     <power>308</power>
     <gpxtpx:TrackPointExtension>
      <gpxtpx:hr>178</gpxtpx:hr>
      <gpxtpx:cad>77</gpxtpx:cad>
     </gpxtpx:TrackPointExtension>
    </extensions>
   </trkpt>
   <trkpt lat="47.2033500" lon="-1.5719280">
    <ele>19.0</ele>
    <time>2025-04-27T07:19:17Z</time>
    <extensions>
     <power>308</power>
     <gpxtpx:TrackPointExtension>
      <gpxtpx:hr>178</gpxtpx:hr>
      <gpxtpx:cad>77</gpxtpx:cad>
     </gpxtpx:TrackPointExtension>
    </extensions>
   </trkpt>
   <trkpt lat="47.2033220" lon="-1.5719480">
    <ele>19.0</ele>
    <time>2025-04-27T07:19:18Z</time>
    <extensions>
     <power>309</power>
     <gpxtpx:TrackPointExtension>
      <gpxtpx:hr>177</gpxtpx:hr>
      <gpxtpx:cad>77</gpxtpx:cad>
     </gpxtpx:TrackPointExtension>
    </extensions>
   </trkpt>
   <trkpt lat="47.2032940" lon="-1.5719680">
    <ele>19.0</ele>
    <time>2025-04-27T07:19:19Z</time>
    <extensions>
     <power>308</power>
     <gpxtpx:TrackPointExtension>
      <gpxtpx:hr>177</gpxtpx:hr>
      <gpxtpx:cad>77</gpxtpx:cad>
     </gpxtpx:TrackPointExtension>
    </extensions>
   </trkpt>
   <trkpt lat="47.2032670" lon="-1.5719890">
    <ele>19.0</ele>
    <time>2025-04-27T07:19:20Z</time>
    <extensions>
     <power>308</power>
     <gpxtpx:TrackPointExtension>
      <gpxtpx:hr>177</gpxtpx:hr>
      <gpxtpx:cad>77</gpxtpx:cad>
     </gpxtpx:TrackPointExtension>
    </extensions>
   </trkpt>
   <trkpt lat="47.2032400" lon="-1.5720100">
    <ele>19.0</ele>
    <time>2025-04-27T07:19:21Z</time>
    <extensions>
     <power>307</power>
     <gpxtpx:TrackPointExtension>
      <gpxtpx:hr>177</gpxtpx:hr>
      <gpxtpx:cad>77</gpxtpx:cad>
     </gpxtpx:TrackPointExtension>
    </extensions>
   </trkpt>
   <trkpt lat="47.2032150" lon="-1.5720310">
    <ele>19.0</ele>
    <time>2025-04-27T07:19:22Z</time>
    <extensions>
     <power>307</power>
     <gpxtpx:TrackPointExtension>
      <gpxtpx:hr>176</gpxtpx:hr>
      <gpxtpx:cad>78</gpxtpx:cad>
     </gpxtpx:TrackPointExtension>
    </extensions>
   </trkpt>
   <trkpt lat="47.2031890" lon="-1.5720520">
    <ele>19.0</ele>
    <time>2025-04-27T07:19:23Z</time>
    <extensions>
     <power>306</power>
     <gpxtpx:TrackPointExtension>
      <gpxtpx:hr>176</gpxtpx:hr>
      <gpxtpx:cad>78</gpxtpx:cad>
     </gpxtpx:TrackPointExtension>
    </extensions>
   </trkpt>
   <trkpt lat="47.2031630" lon="-1.5720710">
    <ele>19.0</ele>
    <time>2025-04-27T07:19:24Z</time>
    <extensions>
     <power>306</power>
     <gpxtpx:TrackPointExtension>
      <gpxtpx:hr>176</gpxtpx:hr>
      <gpxtpx:cad>78</gpxtpx:cad>
     </gpxtpx:TrackPointExtension>
    </extensions>
   </trkpt>
   <trkpt lat="47.2031370" lon="-1.5720910">
    <ele>19.0</ele>
    <time>2025-04-27T07:19:25Z</time>
    <extensions>
     <power>305</power>
     <gpxtpx:TrackPointExtension>
      <gpxtpx:hr>176</gpxtpx:hr>
      <gpxtpx:cad>78</gpxtpx:cad>
     </gpxtpx:TrackPointExtension>
    </extensions>
   </trkpt>
   <trkpt lat="47.2031110" lon="-1.5721090">
    <ele>19.0</ele>
    <time>2025-04-27T07:19:26Z</time>
    <extensions>
     <power>305</power>
     <gpxtpx:TrackPointExtension>
      <gpxtpx:hr>176</gpxtpx:hr>
      <gpxtpx:cad>78</gpxtpx:cad>
     </gpxtpx:TrackPointExtension>
    </extensions>
   </trkpt>
   <trkpt lat="47.2030860" lon="-1.5721270">
    <ele>19.0</ele>
    <time>2025-04-27T07:19:27Z</time>
    <extensions>
     <power>304</power>
     <gpxtpx:TrackPointExtension>
      <gpxtpx:hr>176</gpxtpx:hr>
      <gpxtpx:cad>78</gpxtpx:cad>
     </gpxtpx:TrackPointExtension>
    </extensions>
   </trkpt>
   <trkpt lat="47.2030590" lon="-1.5721450">
    <ele>19.0</ele>
    <time>2025-04-27T07:19:28Z</time>
    <extensions>
     <power>303</power>
     <gpxtpx:TrackPointExtension>
      <gpxtpx:hr>176</gpxtpx:hr>
      <gpxtpx:cad>78</gpxtpx:cad>
     </gpxtpx:TrackPointExtension>
    </extensions>
   </trkpt>
   <trkpt lat="47.2030330" lon="-1.5721630">
    <ele>19.0</ele>
    <time>2025-04-27T07:19:29Z</time>
    <extensions>
     <power>303</power>
     <gpxtpx:TrackPointExtension>
      <gpxtpx:hr>176</gpxtpx:hr>
      <gpxtpx:cad>78</gpxtpx:cad>
     </gpxtpx:TrackPointExtension>
    </extensions>
   </trkpt>
   <trkpt lat="47.2030070" lon="-1.5721810">
    <ele>19.0</ele>
    <time>2025-04-27T07:19:30Z</time>
    <extensions>
     <power>303</power>
     <gpxtpx:TrackPointExtension>
      <gpxtpx:hr>176</gpxtpx:hr>
      <gpxtpx:cad>78</gpxtpx:cad>
     </gpxtpx:TrackPointExtension>
    </extensions>
   </trkpt>
   <trkpt lat="47.2029820" lon="-1.5721990">
    <ele>19.0</ele>
    <time>2025-04-27T07:19:31Z</time>
    <extensions>
     <power>302</power>
     <gpxtpx:TrackPointExtension>
      <gpxtpx:hr>176</gpxtpx:hr>
      <gpxtpx:cad>78</gpxtpx:cad>
     </gpxtpx:TrackPointExtension>
    </extensions>
   </trkpt>
   <trkpt lat="47.2029570" lon="-1.5722180">
    <ele>19.0</ele>
    <time>2025-04-27T07:19:32Z</time>
    <extensions>
     <power>302</power>
     <gpxtpx:TrackPointExtension>
      <gpxtpx:hr>176</gpxtpx:hr>
      <gpxtpx:cad>79</gpxtpx:cad>
     </gpxtpx:TrackPointExtension>
    </extensions>
   </trkpt>
   <trkpt lat="47.2029310" lon="-1.5722370">
    <ele>19.0</ele>
    <time>2025-04-27T07:19:33Z</time>
    <extensions>
     <power>301</power>
     <gpxtpx:TrackPointExtension>
      <gpxtpx:hr>177</gpxtpx:hr>
      <gpxtpx:cad>79</gpxtpx:cad>
     </gpxtpx:TrackPointExtension>
    </extensions>
   </trkpt>
   <trkpt lat="47.2029060" lon="-1.5722580">
    <ele>19.0</ele>
    <time>2025-04-27T07:19:34Z</time>
    <extensions>
     <power>300</power>
     <gpxtpx:TrackPointExtension>
      <gpxtpx:hr>178</gpxtpx:hr>
      <gpxtpx:cad>79</gpxtpx:cad>
     </gpxtpx:TrackPointExtension>
    </extensions>
   </trkpt>
   <trkpt lat="47.2028800" lon="-1.5722790">
    <ele>19.0</ele>
    <time>2025-04-27T07:19:35Z</time>
    <extensions>
     <power>299</power>
     <gpxtpx:TrackPointExtension>
      <gpxtpx:hr>178</gpxtpx:hr>
      <gpxtpx:cad>79</gpxtpx:cad>
     </gpxtpx:TrackPointExtension>
    </extensions>
   </trkpt>
   <trkpt lat="47.2028530" lon="-1.5723020">
    <ele>19.0</ele>
    <time>2025-04-27T07:19:36Z</time>
    <extensions>
     <power>299</power>
     <gpxtpx:TrackPointExtension>
      <gpxtpx:hr>178</gpxtpx:hr>
      <gpxtpx:cad>79</gpxtpx:cad>
     </gpxtpx:TrackPointExtension>
    </extensions>
   </trkpt>
   <trkpt lat="47.2028260" lon="-1.5723240">
    <ele>19.0</ele>
    <time>2025-04-27T07:19:37Z</time>
    <extensions>
     <power>299</power>
     <gpxtpx:TrackPointExtension>
      <gpxtpx:hr>179</gpxtpx:hr>
      <gpxtpx:cad>79</gpxtpx:cad>
     </gpxtpx:TrackPointExtension>
    </extensions>
   </trkpt>
   <trkpt lat="47.2027970" lon="-1.5723470">
    <ele>19.0</ele>
    <time>2025-04-27T07:19:38Z</time>
    <extensions>
     <power>299</power>
     <gpxtpx:TrackPointExtension>
      <gpxtpx:hr>179</gpxtpx:hr>
      <gpxtpx:cad>80</gpxtpx:cad>
     </gpxtpx:TrackPointExtension>
    </extensions>
   </trkpt>
   <trkpt lat="47.2027680" lon="-1.5723700">
    <ele>19.0</ele>
    <time>2025-04-27T07:19:39Z</time>
    <extensions>
     <power>298</power>
     <gpxtpx:TrackPointExtension>
      <gpxtpx:hr>179</gpxtpx:hr>
      <gpxtpx:cad>79</gpxtpx:cad>
     </gpxtpx:TrackPointExtension>
    </extensions>
   </trkpt>
   <trkpt lat="47.2027370" lon="-1.5723930">
    <ele>19.0</ele>
    <time>2025-04-27T07:19:40Z</time>
    <extensions>
     <power>298</power>
     <gpxtpx:TrackPointExtension>
      <gpxtpx:hr>180</gpxtpx:hr>
      <gpxtpx:cad>79</gpxtpx:cad>
     </gpxtpx:TrackPointExtension>
    </extensions>
   </trkpt>
   <trkpt lat="47.2027060" lon="-1.5724160">
    <ele>19.0</ele>
    <time>2025-04-27T07:19:41Z</time>
    <extensions>
     <power>298</power>
     <gpxtpx:TrackPointExtension>
      <gpxtpx:hr>180</gpxtpx:hr>
      <gpxtpx:cad>78</gpxtpx:cad>
     </gpxtpx:TrackPointExtension>
    </extensions>
   </trkpt>
   <trkpt lat="47.2026750" lon="-1.5724390">
    <ele>19.0</ele>
    <time>2025-04-27T07:19:42Z</time>
    <extensions>
     <power>298</power>
     <gpxtpx:TrackPointExtension>
      <gpxtpx:hr>180</gpxtpx:hr>
      <gpxtpx:cad>78</gpxtpx:cad>
     </gpxtpx:TrackPointExtension>
    </extensions>
   </trkpt>
   <trkpt lat="47.2026450" lon="-1.5724620">
    <ele>19.0</ele>
    <time>2025-04-27T07:19:43Z</time>
    <extensions>
     <power>298</power>
     <gpxtpx:TrackPointExtension>
      <gpxtpx:hr>180</gpxtpx:hr>
      <gpxtpx:cad>78</gpxtpx:cad>
     </gpxtpx:TrackPointExtension>
    </extensions>
   </trkpt>
   <trkpt lat="47.2026140" lon="-1.5724820">
    <ele>19.0</ele>
    <time>2025-04-27T07:19:44Z</time>
    <extensions>
     <power>298</power>
     <gpxtpx:TrackPointExtension>
      <gpxtpx:hr>181</gpxtpx:hr>
      <gpxtpx:cad>78</gpxtpx:cad>
     </gpxtpx:TrackPointExtension>
    </extensions>
   </trkpt>
   <trkpt lat="47.2025840" lon="-1.5725030">
    <ele>19.0</ele>
    <time>2025-04-27T07:19:45Z</time>
    <extensions>
     <power>299</power>
     <gpxtpx:TrackPointExtension>
      <gpxtpx:hr>181</gpxtpx:hr>
      <gpxtpx:cad>77</gpxtpx:cad>
     </gpxtpx:TrackPointExtension>
    </extensions>
   </trkpt>
   <trkpt lat="47.2025520" lon="-1.5725220">
    <ele>19.0</ele>
    <time>2025-04-27T07:19:46Z</time>
    <extensions>
     <power>300</power>
     <gpxtpx:TrackPointExtension>
      <gpxtpx:hr>182</gpxtpx:hr>
      <gpxtpx:cad>77</gpxtpx:cad>
     </gpxtpx:TrackPointExtension>
    </extensions>
   </trkpt>
   <trkpt lat="47.2025210" lon="-1.5725420">
    <ele>19.0</ele>
    <time>2025-04-27T07:19:47Z</time>
    <extensions>
     <power>300</power>
     <gpxtpx:TrackPointExtension>
      <gpxtpx:hr>182</gpxtpx:hr>
      <gpxtpx:cad>77</gpxtpx:cad>
     </gpxtpx:TrackPointExtension>
    </extensions>
   </trkpt>
   <trkpt lat="47.2024890" lon="-1.5725620">
    <ele>19.0</ele>
    <time>2025-04-27T07:19:48Z</time>
    <extensions>
     <power>301</power>
     <gpxtpx:TrackPointExtension>
      <gpxtpx:hr>182</gpxtpx:hr>
      <gpxtpx:cad>78</gpxtpx:cad>
     </gpxtpx:TrackPointExtension>
    </extensions>
   </trkpt>
   <trkpt lat="47.2024580" lon="-1.5725810">
    <ele>19.0</ele>
    <time>2025-04-27T07:19:49Z</time>
    <extensions>
     <power>302</power>
     <gpxtpx:TrackPointExtension>
      <gpxtpx:hr>182</gpxtpx:hr>
      <gpxtpx:cad>78</gpxtpx:cad>
     </gpxtpx:TrackPointExtension>
    </extensions>
   </trkpt>
   <trkpt lat="47.2024270" lon="-1.5726020">
    <ele>19.0</ele>
    <time>2025-04-27T07:19:50Z</time>
    <extensions>
     <power>303</power>
     <gpxtpx:TrackPointExtension>
      <gpxtpx:hr>183</gpxtpx:hr>
      <gpxtpx:cad>78</gpxtpx:cad>
     </gpxtpx:TrackPointExtension>
    </extensions>
   </trkpt>
   <trkpt lat="47.2023960" lon="-1.5726220">
    <ele>19.0</ele>
    <time>2025-04-27T07:19:51Z</time>
    <extensions>
     <power>303</power>
     <gpxtpx:TrackPointExtension>
      <gpxtpx:hr>183</gpxtpx:hr>
      <gpxtpx:cad>78</gpxtpx:cad>
     </gpxtpx:TrackPointExtension>
    </extensions>
   </trkpt>
   <trkpt lat="47.2023640" lon="-1.5726430">
    <ele>19.0</ele>
    <time>2025-04-27T07:19:52Z</time>
    <extensions>
     <power>303</power>
     <gpxtpx:TrackPointExtension>
      <gpxtpx:hr>183</gpxtpx:hr>
      <gpxtpx:cad>78</gpxtpx:cad>
     </gpxtpx:TrackPointExtension>
    </extensions>
   </trkpt>
   <trkpt lat="47.2023320" lon="-1.5726630">
    <ele>19.0</ele>
    <time>2025-04-27T07:19:53Z</time>
    <extensions>
     <power>303</power>
     <gpxtpx:TrackPointExtension>
      <gpxtpx:hr>183</gpxtpx:hr>
      <gpxtpx:cad>78</gpxtpx:cad>
     </gpxtpx:TrackPointExtension>
    </extensions>
   </trkpt>
   <trkpt lat="47.2023010" lon="-1.5726840">
    <ele>19.0</ele>
    <time>2025-04-27T07:19:54Z</time>
    <extensions>
     <power>303</power>
     <gpxtpx:TrackPointExtension>
      <gpxtpx:hr>183</gpxtpx:hr>
      <gpxtpx:cad>78</gpxtpx:cad>
     </gpxtpx:TrackPointExtension>
    </extensions>
   </trkpt>
   <trkpt lat="47.2022690" lon="-1.5727050">
    <ele>19.0</ele>
    <time>2025-04-27T07:19:55Z</time>
    <extensions>
     <power>303</power>
     <gpxtpx:TrackPointExtension>
      <gpxtpx:hr>183</gpxtpx:hr>
      <gpxtpx:cad>78</gpxtpx:cad>
     </gpxtpx:TrackPointExtension>
    </extensions>
   </trkpt>
   <trkpt lat="47.2022380" lon="-1.5727270">
    <ele>19.0</ele>
    <time>2025-04-27T07:19:56Z</time>
    <extensions>
     <power>304</power>
     <gpxtpx:TrackPointExtension>
      <gpxtpx:hr>183</gpxtpx:hr>
      <gpxtpx:cad>78</gpxtpx:cad>
     </gpxtpx:TrackPointExtension>
    </extensions>
   </trkpt>
   <trkpt lat="47.2022060" lon="-1.5727490">
    <ele>19.0</ele>
    <time>2025-04-27T07:19:57Z</time>
    <extensions>
     <power>304</power>
     <gpxtpx:TrackPointExtension>
      <gpxtpx:hr>183</gpxtpx:hr>
      <gpxtpx:cad>78</gpxtpx:cad>
     </gpxtpx:TrackPointExtension>
    </extensions>
   </trkpt>
   <trkpt lat="47.2021760" lon="-1.5727710">
    <ele>19.0</ele>
    <time>2025-04-27T07:19:58Z</time>
    <extensions>
     <power>305</power>
     <gpxtpx:TrackPointExtension>
      <gpxtpx:hr>183</gpxtpx:hr>
      <gpxtpx:cad>78</gpxtpx:cad>
     </gpxtpx:TrackPointExtension>
    </extensions>
   </trkpt>
   <trkpt lat="47.2021450" lon="-1.5727930">
    <ele>19.0</ele>
    <time>2025-04-27T07:19:59Z</time>
    <extensions>
     <power>305</power>
     <gpxtpx:TrackPointExtension>
      <gpxtpx:hr>183</gpxtpx:hr>
      <gpxtpx:cad>78</gpxtpx:cad>
     </gpxtpx:TrackPointExtension>
    </extensions>
   </trkpt>
   <trkpt lat="47.2021140" lon="-1.5728150">
    <ele>19.0</ele>
    <time>2025-04-27T07:20:00Z</time>
    <extensions>
     <power>306</power>
     <gpxtpx:TrackPointExtension>
      <gpxtpx:hr>183</gpxtpx:hr>
      <gpxtpx:cad>78</gpxtpx:cad>
     </gpxtpx:TrackPointExtension>
    </extensions>
   </trkpt>
   <trkpt lat="47.2020840" lon="-1.5728370">
    <ele>19.0</ele>
    <time>2025-04-27T07:20:01Z</time>
    <extensions>
     <power>306</power>
     <gpxtpx:TrackPointExtension>
      <gpxtpx:hr>183</gpxtpx:hr>
      <gpxtpx:cad>78</gpxtpx:cad>
     </gpxtpx:TrackPointExtension>
    </extensions>
   </trkpt>
   <trkpt lat="47.2020540" lon="-1.5728580">
    <ele>19.0</ele>
    <time>2025-04-27T07:20:02Z</time>
    <extensions>
     <power>307</power>
     <gpxtpx:TrackPointExtension>
      <gpxtpx:hr>183</gpxtpx:hr>
      <gpxtpx:cad>78</gpxtpx:cad>
     </gpxtpx:TrackPointExtension>
    </extensions>
   </trkpt>
   <trkpt lat="47.2020240" lon="-1.5728790">
    <ele>19.0</ele>
    <time>2025-04-27T07:20:03Z</time>
    <extensions>
     <power>307</power>
     <gpxtpx:TrackPointExtension>
      <gpxtpx:hr>182</gpxtpx:hr>
      <gpxtpx:cad>78</gpxtpx:cad>
     </gpxtpx:TrackPointExtension>
    </extensions>
   </trkpt>
   <trkpt lat="47.2019950" lon="-1.5728990">
    <ele>19.0</ele>
    <time>2025-04-27T07:20:04Z</time>
    <extensions>
     <power>307</power>
     <gpxtpx:TrackPointExtension>
      <gpxtpx:hr>182</gpxtpx:hr>
      <gpxtpx:cad>78</gpxtpx:cad>
     </gpxtpx:TrackPointExtension>
    </extensions>
   </trkpt>
   <trkpt lat="47.2019650" lon="-1.5729190">
    <ele>19.0</ele>
    <time>2025-04-27T07:20:05Z</time>
    <extensions>
     <power>307</power>
     <gpxtpx:TrackPointExtension>
      <gpxtpx:hr>181</gpxtpx:hr>
      <gpxtpx:cad>78</gpxtpx:cad>
     </gpxtpx:TrackPointExtension>
    </extensions>
   </trkpt>
   <trkpt lat="47.2019360" lon="-1.5729390">
    <ele>19.0</ele>
    <time>2025-04-27T07:20:06Z</time>
    <extensions>
     <power>307</power>
     <gpxtpx:TrackPointExtension>
      <gpxtpx:hr>181</gpxtpx:hr>
      <gpxtpx:cad>78</gpxtpx:cad>
     </gpxtpx:TrackPointExtension>
    </extensions>
   </trkpt>
   <trkpt lat="47.2019070" lon="-1.5729600">
    <ele>19.0</ele>
    <time>2025-04-27T07:20:07Z</time>
    <extensions>
     <power>307</power>
     <gpxtpx:TrackPointExtension>
      <gpxtpx:hr>182</gpxtpx:hr>
      <gpxtpx:cad>78</gpxtpx:cad>
     </gpxtpx:TrackPointExtension>
    </extensions>
   </trkpt>
   <trkpt lat="47.2018770" lon="-1.5729810">
    <ele>19.0</ele>
    <time>2025-04-27T07:20:08Z</time>
    <extensions>
     <power>308</power>
     <gpxtpx:TrackPointExtension>
      <gpxtpx:hr>182</gpxtpx:hr>
      <gpxtpx:cad>78</gpxtpx:cad>
     </gpxtpx:TrackPointExtension>
    </extensions>
   </trkpt>
   <trkpt lat="47.2018480" lon="-1.5730020">
    <ele>19.0</ele>
    <time>2025-04-27T07:20:09Z</time>
    <extensions>
     <power>308</power>
     <gpxtpx:TrackPointExtension>
      <gpxtpx:hr>181</gpxtpx:hr>
      <gpxtpx:cad>78</gpxtpx:cad>
     </gpxtpx:TrackPointExtension>
    </extensions>
   </trkpt>
   <trkpt lat="47.2018190" lon="-1.5730230">
    <ele>19.0</ele>
    <time>2025-04-27T07:20:10Z</time>
    <extensions>
     <power>309</power>
     <gpxtpx:TrackPointExtension>
      <gpxtpx:hr>182</gpxtpx:hr>
      <gpxtpx:cad>78</gpxtpx:cad>
     </gpxtpx:TrackPointExtension>
    </extensions>
   </trkpt>
   <trkpt lat="47.2017900" lon="-1.5730440">
    <ele>19.0</ele>
    <time>2025-04-27T07:20:11Z</time>
    <extensions>
     <power>309</power>
     <gpxtpx:TrackPointExtension>
      <gpxtpx:hr>182</gpxtpx:hr>
      <gpxtpx:cad>78</gpxtpx:cad>
     </gpxtpx:TrackPointExtension>
    </extensions>
   </trkpt>
   <trkpt lat="47.2017610" lon="-1.5730660">
    <ele>19.0</ele>
    <time>2025-04-27T07:20:12Z</time>
    <extensions>
     <power>309</power>
     <gpxtpx:TrackPointExtension>
      <gpxtpx:hr>182</gpxtpx:hr>
      <gpxtpx:cad>78</gpxtpx:cad>
     </gpxtpx:TrackPointExtension>
    </extensions>
   </trkpt>
   <trkpt lat="47.2017320" lon="-1.5730880">
    <ele>19.0</ele>
    <time>2025-04-27T07:20:13Z</time>
    <extensions>
     <power>309</power>
     <gpxtpx:TrackPointExtension>
      <gpxtpx:hr>182</gpxtpx:hr>
      <gpxtpx:cad>78</gpxtpx:cad>
     </gpxtpx:TrackPointExtension>
    </extensions>
   </trkpt>
   <trkpt lat="47.2017020" lon="-1.5731090">
    <ele>19.0</ele>
    <time>2025-04-27T07:20:14Z</time>
    <extensions>
     <power>309</power>
     <gpxtpx:TrackPointExtension>
      <gpxtpx:hr>182</gpxtpx:hr>
      <gpxtpx:cad>78</gpxtpx:cad>
     </gpxtpx:TrackPointExtension>
    </extensions>
   </trkpt>
   <trkpt lat="47.2016720" lon="-1.5731310">
    <ele>19.0</ele>
    <time>2025-04-27T07:20:15Z</time>
    <extensions>
     <power>308</power>
     <gpxtpx:TrackPointExtension>
      <gpxtpx:hr>182</gpxtpx:hr>
      <gpxtpx:cad>78</gpxtpx:cad>
     </gpxtpx:TrackPointExtension>
    </extensions>
   </trkpt>
   <trkpt lat="47.2016420" lon="-1.5731540">
    <ele>19.0</ele>
    <time>2025-04-27T07:20:16Z</time>
    <extensions>
     <power>308</power>
     <gpxtpx:TrackPointExtension>
      <gpxtpx:hr>182</gpxtpx:hr>
      <gpxtpx:cad>78</gpxtpx:cad>
     </gpxtpx:TrackPointExtension>
    </extensions>
   </trkpt>
   <trkpt lat="47.2016110" lon="-1.5731760">
    <ele>19.0</ele>
    <time>2025-04-27T07:20:17Z</time>
    <extensions>
     <power>308</power>
     <gpxtpx:TrackPointExtension>
      <gpxtpx:hr>182</gpxtpx:hr>
      <gpxtpx:cad>78</gpxtpx:cad>
     </gpxtpx:TrackPointExtension>
    </extensions>
   </trkpt>
   <trkpt lat="47.2015820" lon="-1.5731990">
    <ele>19.0</ele>
    <time>2025-04-27T07:20:18Z</time>
    <extensions>
     <power>308</power>
     <gpxtpx:TrackPointExtension>
      <gpxtpx:hr>182</gpxtpx:hr>
      <gpxtpx:cad>78</gpxtpx:cad>
     </gpxtpx:TrackPointExtension>
    </extensions>
   </trkpt>
   <trkpt lat="47.2015520" lon="-1.5732220">
    <ele>19.0</ele>
    <time>2025-04-27T07:20:19Z</time>
    <extensions>
     <power>308</power>
     <gpxtpx:TrackPointExtension>
      <gpxtpx:hr>182</gpxtpx:hr>
      <gpxtpx:cad>78</gpxtpx:cad>
     </gpxtpx:TrackPointExtension>
    </extensions>
   </trkpt>
   <trkpt lat="47.2015240" lon="-1.5732450">
    <ele>19.0</ele>
    <time>2025-04-27T07:20:20Z</time>
    <extensions>
     <power>308</power>
     <gpxtpx:TrackPointExtension>
      <gpxtpx:hr>182</gpxtpx:hr>
      <gpxtpx:cad>78</gpxtpx:cad>
     </gpxtpx:TrackPointExtension>
    </extensions>
   </trkpt>
   <trkpt lat="47.2014950" lon="-1.5732680">
    <ele>19.0</ele>
    <time>2025-04-27T07:20:21Z</time>
    <extensions>
     <power>308</power>
     <gpxtpx:TrackPointExtension>
      <gpxtpx:hr>182</gpxtpx:hr>
      <gpxtpx:cad>78</gpxtpx:cad>
     </gpxtpx:TrackPointExtension>
    </extensions>
   </trkpt>
   <trkpt lat="47.2014670" lon="-1.5732910">
    <ele>19.0</ele>
    <time>2025-04-27T07:20:22Z</time>
    <extensions>
     <power>308</power>
     <gpxtpx:TrackPointExtension>
      <gpxtpx:hr>182</gpxtpx:hr>
      <gpxtpx:cad>78</gpxtpx:cad>
     </gpxtpx:TrackPointExtension>
    </extensions>
   </trkpt>
   <trkpt lat="47.2014390" lon="-1.5733130">
    <ele>19.0</ele>
    <time>2025-04-27T07:20:23Z</time>
    <extensions>
     <power>308</power>
     <gpxtpx:TrackPointExtension>
      <gpxtpx:hr>183</gpxtpx:hr>
      <gpxtpx:cad>78</gpxtpx:cad>
     </gpxtpx:TrackPointExtension>
    </extensions>
   </trkpt>
   <trkpt lat="47.2014110" lon="-1.5733350">
    <ele>19.0</ele>
    <time>2025-04-27T07:20:24Z</time>
    <extensions>
     <power>308</power>
     <gpxtpx:TrackPointExtension>
      <gpxtpx:hr>182</gpxtpx:hr>
      <gpxtpx:cad>78</gpxtpx:cad>
     </gpxtpx:TrackPointExtension>
    </extensions>
   </trkpt>
   <trkpt lat="47.2013840" lon="-1.5733560">
    <ele>19.0</ele>
    <time>2025-04-27T07:20:25Z</time>
    <extensions>
     <power>308</power>
     <gpxtpx:TrackPointExtension>
      <gpxtpx:hr>182</gpxtpx:hr>
      <gpxtpx:cad>78</gpxtpx:cad>
     </gpxtpx:TrackPointExtension>
    </extensions>
   </trkpt>
   <trkpt lat="47.2013560" lon="-1.5733760">
    <ele>19.0</ele>
    <time>2025-04-27T07:20:26Z</time>
    <extensions>
     <power>308</power>
     <gpxtpx:TrackPointExtension>
      <gpxtpx:hr>182</gpxtpx:hr>
      <gpxtpx:cad>78</gpxtpx:cad>
     </gpxtpx:TrackPointExtension>
    </extensions>
   </trkpt>
   <trkpt lat="47.2013290" lon="-1.5733960">
    <ele>19.0</ele>
    <time>2025-04-27T07:20:27Z</time>
    <extensions>
     <power>308</power>
     <gpxtpx:TrackPointExtension>
      <gpxtpx:hr>181</gpxtpx:hr>
      <gpxtpx:cad>78</gpxtpx:cad>
     </gpxtpx:TrackPointExtension>
    </extensions>
   </trkpt>
   <trkpt lat="47.2013000" lon="-1.5734160">
    <ele>19.0</ele>
    <time>2025-04-27T07:20:28Z</time>
    <extensions>
     <power>308</power>
     <gpxtpx:TrackPointExtension>
      <gpxtpx:hr>182</gpxtpx:hr>
      <gpxtpx:cad>78</gpxtpx:cad>
     </gpxtpx:TrackPointExtension>
    </extensions>
   </trkpt>
   <trkpt lat="47.2012710" lon="-1.5734360">
    <ele>19.0</ele>
    <time>2025-04-27T07:20:29Z</time>
    <extensions>
     <power>307</power>
     <gpxtpx:TrackPointExtension>
      <gpxtpx:hr>181</gpxtpx:hr>
      <gpxtpx:cad>78</gpxtpx:cad>
     </gpxtpx:TrackPointExtension>
    </extensions>
   </trkpt>
   <trkpt lat="47.2012410" lon="-1.5734560">
    <ele>19.0</ele>
    <time>2025-04-27T07:20:30Z</time>
    <extensions>
     <power>307</power>
     <gpxtpx:TrackPointExtension>
      <gpxtpx:hr>181</gpxtpx:hr>
      <gpxtpx:cad>78</gpxtpx:cad>
     </gpxtpx:TrackPointExtension>
    </extensions>
   </trkpt>
   <trkpt lat="47.2012100" lon="-1.5734770">
    <ele>19.0</ele>
    <time>2025-04-27T07:20:31Z</time>
    <extensions>
     <power>306</power>
     <gpxtpx:TrackPointExtension>
      <gpxtpx:hr>182</gpxtpx:hr>
      <gpxtpx:cad>78</gpxtpx:cad>
     </gpxtpx:TrackPointExtension>
    </extensions>
   </trkpt>
   <trkpt lat="47.2011790" lon="-1.5734970">
    <ele>19.0</ele>
    <time>2025-04-27T07:20:32Z</time>
    <extensions>
     <power>306</power>
     <gpxtpx:TrackPointExtension>
      <gpxtpx:hr>181</gpxtpx:hr>
      <gpxtpx:cad>79</gpxtpx:cad>
     </gpxtpx:TrackPointExtension>
    </extensions>
   </trkpt>
   <trkpt lat="47.2011480" lon="-1.5735170">
    <ele>19.0</ele>
    <time>2025-04-27T07:20:33Z</time>
    <extensions>
     <power>306</power>
     <gpxtpx:TrackPointExtension>
      <gpxtpx:hr>181</gpxtpx:hr>
      <gpxtpx:cad>79</gpxtpx:cad>
     </gpxtpx:TrackPointExtension>
    </extensions>
   </trkpt>
   <trkpt lat="47.2011170" lon="-1.5735370">
    <ele>19.0</ele>
    <time>2025-04-27T07:20:34Z</time>
    <extensions>
     <power>306</power>
     <gpxtpx:TrackPointExtension>
      <gpxtpx:hr>181</gpxtpx:hr>
      <gpxtpx:cad>79</gpxtpx:cad>
     </gpxtpx:TrackPointExtension>
    </extensions>
   </trkpt>
   <trkpt lat="47.2010850" lon="-1.5735570">
    <ele>19.0</ele>
    <time>2025-04-27T07:20:35Z</time>
    <extensions>
     <power>306</power>
     <gpxtpx:TrackPointExtension>
      <gpxtpx:hr>181</gpxtpx:hr>
      <gpxtpx:cad>79</gpxtpx:cad>
     </gpxtpx:TrackPointExtension>
    </extensions>
   </trkpt>
   <trkpt lat="47.2010540" lon="-1.5735760">
    <ele>19.0</ele>
    <time>2025-04-27T07:20:36Z</time>
    <extensions>
     <power>306</power>
     <gpxtpx:TrackPointExtension>
      <gpxtpx:hr>181</gpxtpx:hr>
      <gpxtpx:cad>79</gpxtpx:cad>
     </gpxtpx:TrackPointExtension>
    </extensions>
   </trkpt>
   <trkpt lat="47.2010230" lon="-1.5735950">
    <ele>19.0</ele>
    <time>2025-04-27T07:20:37Z</time>
    <extensions>
     <power>306</power>
     <gpxtpx:TrackPointExtension>
      <gpxtpx:hr>181</gpxtpx:hr>
      <gpxtpx:cad>78</gpxtpx:cad>
     </gpxtpx:TrackPointExtension>
    </extensions>
   </trkpt>
   <trkpt lat="47.2009920" lon="-1.5736140">
    <ele>19.0</ele>
    <time>2025-04-27T07:20:38Z</time>
    <extensions>
     <power>307</power>
     <gpxtpx:TrackPointExtension>
      <gpxtpx:hr>181</gpxtpx:hr>
      <gpxtpx:cad>78</gpxtpx:cad>
     </gpxtpx:TrackPointExtension>
    </extensions>
   </trkpt>
   <trkpt lat="47.2009620" lon="-1.5736340">
    <ele>19.0</ele>
    <time>2025-04-27T07:20:39Z</time>
    <extensions>
     <power>307</power>
     <gpxtpx:TrackPointExtension>
      <gpxtpx:hr>181</gpxtpx:hr>
      <gpxtpx:cad>78</gpxtpx:cad>
     </gpxtpx:TrackPointExtension>
    </extensions>
   </trkpt>
   <trkpt lat="47.2009300" lon="-1.5736550">
    <ele>19.0</ele>
    <time>2025-04-27T07:20:40Z</time>
    <extensions>
     <power>308</power>
     <gpxtpx:TrackPointExtension>
      <gpxtpx:hr>182</gpxtpx:hr>
      <gpxtpx:cad>78</gpxtpx:cad>
     </gpxtpx:TrackPointExtension>
    </extensions>
   </trkpt>
   <trkpt lat="47.2008990" lon="-1.5736760">
    <ele>19.0</ele>
    <time>2025-04-27T07:20:41Z</time>
    <extensions>
     <power>308</power>
     <gpxtpx:TrackPointExtension>
      <gpxtpx:hr>182</gpxtpx:hr>
      <gpxtpx:cad>78</gpxtpx:cad>
     </gpxtpx:TrackPointExtension>
    </extensions>
   </trkpt>
   <trkpt lat="47.2008670" lon="-1.5736960">
    <ele>19.0</ele>
    <time>2025-04-27T07:20:42Z</time>
    <extensions>
     <power>308</power>
     <gpxtpx:TrackPointExtension>
      <gpxtpx:hr>182</gpxtpx:hr>
      <gpxtpx:cad>78</gpxtpx:cad>
     </gpxtpx:TrackPointExtension>
    </extensions>
   </trkpt>
   <trkpt lat="47.2008360" lon="-1.5737160">
    <ele>19.0</ele>
    <time>2025-04-27T07:20:43Z</time>
    <extensions>
     <power>308</power>
     <gpxtpx:TrackPointExtension>
      <gpxtpx:hr>182</gpxtpx:hr>
      <gpxtpx:cad>78</gpxtpx:cad>
     </gpxtpx:TrackPointExtension>
    </extensions>
   </trkpt>
   <trkpt lat="47.2008050" lon="-1.5737360">
    <ele>19.0</ele>
    <time>2025-04-27T07:20:44Z</time>
    <extensions>
     <power>309</power>
     <gpxtpx:TrackPointExtension>
      <gpxtpx:hr>182</gpxtpx:hr>
      <gpxtpx:cad>78</gpxtpx:cad>
     </gpxtpx:TrackPointExtension>
    </extensions>
   </trkpt>
   <trkpt lat="47.2007740" lon="-1.5737560">
    <ele>19.0</ele>
    <time>2025-04-27T07:20:45Z</time>
    <extensions>
     <power>309</power>
     <gpxtpx:TrackPointExtension>
      <gpxtpx:hr>182</gpxtpx:hr>
      <gpxtpx:cad>78</gpxtpx:cad>
     </gpxtpx:TrackPointExtension>
    </extensions>
   </trkpt>
   <trkpt lat="47.2007440" lon="-1.5737770">
    <ele>19.0</ele>
    <time>2025-04-27T07:20:46Z</time>
    <extensions>
     <power>309</power>
     <gpxtpx:TrackPointExtension>
      <gpxtpx:hr>182</gpxtpx:hr>
      <gpxtpx:cad>78</gpxtpx:cad>
     </gpxtpx:TrackPointExtension>
    </extensions>
   </trkpt>
   <trkpt lat="47.2007130" lon="-1.5737980">
    <ele>19.0</ele>
    <time>2025-04-27T07:20:47Z</time>
    <extensions>
     <power>309</power>
     <gpxtpx:TrackPointExtension>
      <gpxtpx:hr>182</gpxtpx:hr>
      <gpxtpx:cad>78</gpxtpx:cad>
     </gpxtpx:TrackPointExtension>
    </extensions>
   </trkpt>
   <trkpt lat="47.2006830" lon="-1.5738210">
    <ele>19.0</ele>
    <time>2025-04-27T07:20:48Z</time>
    <extensions>
     <power>309</power>
     <gpxtpx:TrackPointExtension>
      <gpxtpx:hr>182</gpxtpx:hr>
      <gpxtpx:cad>78</gpxtpx:cad>
     </gpxtpx:TrackPointExtension>
    </extensions>
   </trkpt>
   <trkpt lat="47.2006520" lon="-1.5738440">
    <ele>19.0</ele>
    <time>2025-04-27T07:20:49Z</time>
    <extensions>
     <power>309</power>
     <gpxtpx:TrackPointExtension>
      <gpxtpx:hr>183</gpxtpx:hr>
      <gpxtpx:cad>78</gpxtpx:cad>
     </gpxtpx:TrackPointExtension>
    </extensions>
   </trkpt>
   <trkpt lat="47.2006220" lon="-1.5738660">
    <ele>19.0</ele>
    <time>2025-04-27T07:20:50Z</time>
    <extensions>
     <power>309</power>
     <gpxtpx:TrackPointExtension>
      <gpxtpx:hr>183</gpxtpx:hr>
      <gpxtpx:cad>78</gpxtpx:cad>
     </gpxtpx:TrackPointExtension>
    </extensions>
   </trkpt>
   <trkpt lat="47.2005920" lon="-1.5738880">
    <ele>19.0</ele>
    <time>2025-04-27T07:20:51Z</time>
    <extensions>
     <power>309</power>
     <gpxtpx:TrackPointExtension>
      <gpxtpx:hr>183</gpxtpx:hr>
      <gpxtpx:cad>78</gpxtpx:cad>
     </gpxtpx:TrackPointExtension>
    </extensions>
   </trkpt>
   <trkpt lat="47.2005620" lon="-1.5739100">
    <ele>19.0</ele>
    <time>2025-04-27T07:20:52Z</time>
    <extensions>
     <power>309</power>
     <gpxtpx:TrackPointExtension>
      <gpxtpx:hr>183</gpxtpx:hr>
      <gpxtpx:cad>78</gpxtpx:cad>
     </gpxtpx:TrackPointExtension>
    </extensions>
   </trkpt>
   <trkpt lat="47.2005320" lon="-1.5739320">
    <ele>19.0</ele>
    <time>2025-04-27T07:20:53Z</time>
    <extensions>
     <power>309</power>
     <gpxtpx:TrackPointExtension>
      <gpxtpx:hr>184</gpxtpx:hr>
      <gpxtpx:cad>78</gpxtpx:cad>
     </gpxtpx:TrackPointExtension>
    </extensions>
   </trkpt>
   <trkpt lat="47.2005030" lon="-1.5739530">
    <ele>19.0</ele>
    <time>2025-04-27T07:20:54Z</time>
    <extensions>
     <power>309</power>
     <gpxtpx:TrackPointExtension>
      <gpxtpx:hr>184</gpxtpx:hr>
      <gpxtpx:cad>78</gpxtpx:cad>
     </gpxtpx:TrackPointExtension>
    </extensions>
   </trkpt>
   <trkpt lat="47.2004740" lon="-1.5739740">
    <ele>19.0</ele>
    <time>2025-04-27T07:20:55Z</time>
    <extensions>
     <power>309</power>
     <gpxtpx:TrackPointExtension>
      <gpxtpx:hr>184</gpxtpx:hr>
      <gpxtpx:cad>78</gpxtpx:cad>
     </gpxtpx:TrackPointExtension>
    </extensions>
   </trkpt>
   <trkpt lat="47.2004440" lon="-1.5739940">
    <ele>19.0</ele>
    <time>2025-04-27T07:20:56Z</time>
    <extensions>
     <power>310</power>
     <gpxtpx:TrackPointExtension>
      <gpxtpx:hr>185</gpxtpx:hr>
      <gpxtpx:cad>78</gpxtpx:cad>
     </gpxtpx:TrackPointExtension>
    </extensions>
   </trkpt>
   <trkpt lat="47.2004150" lon="-1.5740140">
    <ele>19.0</ele>
    <time>2025-04-27T07:20:57Z</time>
    <extensions>
     <power>310</power>
     <gpxtpx:TrackPointExtension>
      <gpxtpx:hr>185</gpxtpx:hr>
      <gpxtpx:cad>78</gpxtpx:cad>
     </gpxtpx:TrackPointExtension>
    </extensions>
   </trkpt>
   <trkpt lat="47.2003860" lon="-1.5740340">
    <ele>19.0</ele>
    <time>2025-04-27T07:20:58Z</time>
    <extensions>
     <power>310</power>
     <gpxtpx:TrackPointExtension>
      <gpxtpx:hr>185</gpxtpx:hr>
      <gpxtpx:cad>78</gpxtpx:cad>
     </gpxtpx:TrackPointExtension>
    </extensions>
   </trkpt>
   <trkpt lat="47.2003570" lon="-1.5740530">
    <ele>19.0</ele>
    <time>2025-04-27T07:20:59Z</time>
    <extensions>
     <power>309</power>
     <gpxtpx:TrackPointExtension>
      <gpxtpx:hr>185</gpxtpx:hr>
      <gpxtpx:cad>78</gpxtpx:cad>
     </gpxtpx:TrackPointExtension>
    </extensions>
   </trkpt>
   <trkpt lat="47.2003280" lon="-1.5740720">
    <ele>19.0</ele>
    <time>2025-04-27T07:21:00Z</time>
    <extensions>
     <power>309</power>
     <gpxtpx:TrackPointExtension>
      <gpxtpx:hr>185</gpxtpx:hr>
      <gpxtpx:cad>78</gpxtpx:cad>
     </gpxtpx:TrackPointExtension>
    </extensions>
   </trkpt>
   <trkpt lat="47.2002990" lon="-1.5740910">
    <ele>19.0</ele>
    <time>2025-04-27T07:21:01Z</time>
    <extensions>
     <power>309</power>
     <gpxtpx:TrackPointExtension>
      <gpxtpx:hr>185</gpxtpx:hr>
      <gpxtpx:cad>78</gpxtpx:cad>
     </gpxtpx:TrackPointExtension>
    </extensions>
   </trkpt>
   <trkpt lat="47.2002700" lon="-1.5741120">
    <ele>19.0</ele>
    <time>2025-04-27T07:21:02Z</time>
    <extensions>
     <power>309</power>
     <gpxtpx:TrackPointExtension>
      <gpxtpx:hr>185</gpxtpx:hr>
      <gpxtpx:cad>78</gpxtpx:cad>
     </gpxtpx:TrackPointExtension>
    </extensions>
   </trkpt>
   <trkpt lat="47.2002400" lon="-1.5741310">
    <ele>19.0</ele>
    <time>2025-04-27T07:21:03Z</time>
    <extensions>
     <power>309</power>
     <gpxtpx:TrackPointExtension>
      <gpxtpx:hr>185</gpxtpx:hr>
      <gpxtpx:cad>77</gpxtpx:cad>
     </gpxtpx:TrackPointExtension>
    </extensions>
   </trkpt>
   <trkpt lat="47.2002110" lon="-1.5741520">
    <ele>19.0</ele>
    <time>2025-04-27T07:21:04Z</time>
    <extensions>
     <power>309</power>
     <gpxtpx:TrackPointExtension>
      <gpxtpx:hr>185</gpxtpx:hr>
      <gpxtpx:cad>77</gpxtpx:cad>
     </gpxtpx:TrackPointExtension>
    </extensions>
   </trkpt>
   <trkpt lat="47.2001810" lon="-1.5741710">
    <ele>19.0</ele>
    <time>2025-04-27T07:21:05Z</time>
    <extensions>
     <power>308</power>
     <gpxtpx:TrackPointExtension>
      <gpxtpx:hr>185</gpxtpx:hr>
      <gpxtpx:cad>77</gpxtpx:cad>
     </gpxtpx:TrackPointExtension>
    </extensions>
   </trkpt>
   <trkpt lat="47.2001510" lon="-1.5741910">
    <ele>18.0</ele>
    <time>2025-04-27T07:21:06Z</time>
    <extensions>
     <power>307</power>
     <gpxtpx:TrackPointExtension>
      <gpxtpx:hr>185</gpxtpx:hr>
      <gpxtpx:cad>77</gpxtpx:cad>
     </gpxtpx:TrackPointExtension>
    </extensions>
   </trkpt>
   <trkpt lat="47.2001220" lon="-1.5742100">
    <ele>18.0</ele>
    <time>2025-04-27T07:21:07Z</time>
    <extensions>
     <power>307</power>
     <gpxtpx:TrackPointExtension>
      <gpxtpx:hr>185</gpxtpx:hr>
      <gpxtpx:cad>77</gpxtpx:cad>
     </gpxtpx:TrackPointExtension>
    </extensions>
   </trkpt>
   <trkpt lat="47.2000930" lon="-1.5742290">
    <ele>18.0</ele>
    <time>2025-04-27T07:21:08Z</time>
    <extensions>
     <power>307</power>
     <gpxtpx:TrackPointExtension>
      <gpxtpx:hr>185</gpxtpx:hr>
      <gpxtpx:cad>77</gpxtpx:cad>
     </gpxtpx:TrackPointExtension>
    </extensions>
   </trkpt>
   <trkpt lat="47.2000650" lon="-1.5742470">
    <ele>18.0</ele>
    <time>2025-04-27T07:21:09Z</time>
    <extensions>
     <power>307</power>
     <gpxtpx:TrackPointExtension>
      <gpxtpx:hr>186</gpxtpx:hr>
      <gpxtpx:cad>77</gpxtpx:cad>
     </gpxtpx:TrackPointExtension>
    </extensions>
   </trkpt>
   <trkpt lat="47.2000380" lon="-1.5742590">
    <ele>18.0</ele>
    <time>2025-04-27T07:21:10Z</time>
    <extensions>
     <power>307</power>
     <gpxtpx:TrackPointExtension>
      <gpxtpx:hr>186</gpxtpx:hr>
      <gpxtpx:cad>77</gpxtpx:cad>
     </gpxtpx:TrackPointExtension>
    </extensions>
   </trkpt>
   <trkpt lat="47.2000110" lon="-1.5742710">
    <ele>18.0</ele>
    <time>2025-04-27T07:21:11Z</time>
    <extensions>
     <power>306</power>
     <gpxtpx:TrackPointExtension>
      <gpxtpx:hr>186</gpxtpx:hr>
      <gpxtpx:cad>77</gpxtpx:cad>
     </gpxtpx:TrackPointExtension>
    </extensions>
   </trkpt>
   <trkpt lat="47.1999850" lon="-1.5742630">
    <ele>18.0</ele>
    <time>2025-04-27T07:21:12Z</time>
    <extensions>
     <power>306</power>
     <gpxtpx:TrackPointExtension>
      <gpxtpx:hr>186</gpxtpx:hr>
      <gpxtpx:cad>77</gpxtpx:cad>
     </gpxtpx:TrackPointExtension>
    </extensions>
   </trkpt>
   <trkpt lat="47.1999600" lon="-1.5742560">
    <ele>18.0</ele>
    <time>2025-04-27T07:21:13Z</time>
    <extensions>
     <power>305</power>
     <gpxtpx:TrackPointExtension>
      <gpxtpx:hr>186</gpxtpx:hr>
      <gpxtpx:cad>77</gpxtpx:cad>
     </gpxtpx:TrackPointExtension>
    </extensions>
   </trkpt>
   <trkpt lat="47.1999370" lon="-1.5742270">
    <ele>18.0</ele>
    <time>2025-04-27T07:21:14Z</time>
    <extensions>
     <power>305</power>
     <gpxtpx:TrackPointExtension>
      <gpxtpx:hr>187</gpxtpx:hr>
      <gpxtpx:cad>77</gpxtpx:cad>
     </gpxtpx:TrackPointExtension>
    </extensions>
   </trkpt>
   <trkpt lat="47.1999150" lon="-1.5741980">
    <ele>19.0</ele>
    <time>2025-04-27T07:21:15Z</time>
    <extensions>
     <power>304</power>
     <gpxtpx:TrackPointExtension>
      <gpxtpx:hr>187</gpxtpx:hr>
      <gpxtpx:cad>77</gpxtpx:cad>
     </gpxtpx:TrackPointExtension>
    </extensions>
   </trkpt>
   <trkpt lat="47.1998960" lon="-1.5741570">
    <ele>19.0</ele>
    <time>2025-04-27T07:21:16Z</time>
    <extensions>
     <power>304</power>
     <gpxtpx:TrackPointExtension>
      <gpxtpx:hr>187</gpxtpx:hr>
      <gpxtpx:cad>77</gpxtpx:cad>
     </gpxtpx:TrackPointExtension>
    </extensions>
   </trkpt>
   <trkpt lat="47.1998760" lon="-1.5741160">
    <ele>19.0</ele>
    <time>2025-04-27T07:21:17Z</time>
    <extensions>
     <power>303</power>
     <gpxtpx:TrackPointExtension>
      <gpxtpx:hr>187</gpxtpx:hr>
      <gpxtpx:cad>77</gpxtpx:cad>
     </gpxtpx:TrackPointExtension>
    </extensions>
   </trkpt>
   <trkpt lat="47.1998590" lon="-1.5740690">
    <ele>19.0</ele>
    <time>2025-04-27T07:21:18Z</time>
    <extensions>
     <power>303</power>
     <gpxtpx:TrackPointExtension>
      <gpxtpx:hr>186</gpxtpx:hr>
      <gpxtpx:cad>78</gpxtpx:cad>
     </gpxtpx:TrackPointExtension>
    </extensions>
   </trkpt>
   <trkpt lat="47.1998410" lon="-1.5740220">
    <ele>19.0</ele>
    <time>2025-04-27T07:21:19Z</time>
    <extensions>
     <power>303</power>
     <gpxtpx:TrackPointExtension>
      <gpxtpx:hr>187</gpxtpx:hr>
      <gpxtpx:cad>78</gpxtpx:cad>
     </gpxtpx:TrackPointExtension>
    </extensions>
   </trkpt>
   <trkpt lat="47.1998260" lon="-1.5739720">
    <ele>19.0</ele>
    <time>2025-04-27T07:21:20Z</time>
    <extensions>
     <power>303</power>
     <gpxtpx:TrackPointExtension>
      <gpxtpx:hr>187</gpxtpx:hr>
      <gpxtpx:cad>78</gpxtpx:cad>
     </gpxtpx:TrackPointExtension>
    </extensions>
   </trkpt>
   <trkpt lat="47.1998120" lon="-1.5739230">
    <ele>19.0</ele>
    <time>2025-04-27T07:21:21Z</time>
    <extensions>
     <power>303</power>
     <gpxtpx:TrackPointExtension>
      <gpxtpx:hr>187</gpxtpx:hr>
      <gpxtpx:cad>78</gpxtpx:cad>
     </gpxtpx:TrackPointExtension>
    </extensions>
   </trkpt>
   <trkpt lat="47.1997990" lon="-1.5738730">
    <ele>19.0</ele>
    <time>2025-04-27T07:21:22Z</time>
    <extensions>
     <power>303</power>
     <gpxtpx:TrackPointExtension>
      <gpxtpx:hr>187</gpxtpx:hr>
      <gpxtpx:cad>78</gpxtpx:cad>
     </gpxtpx:TrackPointExtension>
    </extensions>
   </trkpt>
   <trkpt lat="47.1997870" lon="-1.5738230">
    <ele>19.0</ele>
    <time>2025-04-27T07:21:23Z</time>
    <extensions>
     <power>305</power>
     <gpxtpx:TrackPointExtension>
      <gpxtpx:hr>187</gpxtpx:hr>
      <gpxtpx:cad>78</gpxtpx:cad>
     </gpxtpx:TrackPointExtension>
    </extensions>
   </trkpt>
   <trkpt lat="47.1997760" lon="-1.5737750">
    <ele>19.0</ele>
    <time>2025-04-27T07:21:24Z</time>
    <extensions>
     <power>307</power>
     <gpxtpx:TrackPointExtension>
      <gpxtpx:hr>187</gpxtpx:hr>
      <gpxtpx:cad>78</gpxtpx:cad>
     </gpxtpx:TrackPointExtension>
    </extensions>
   </trkpt>
   <trkpt lat="47.1997660" lon="-1.5737260">
    <ele>19.0</ele>
    <time>2025-04-27T07:21:25Z</time>
    <extensions>
     <power>308</power>
     <gpxtpx:TrackPointExtension>
      <gpxtpx:hr>188</gpxtpx:hr>
      <gpxtpx:cad>78</gpxtpx:cad>
     </gpxtpx:TrackPointExtension>
    </extensions>
   </trkpt>
   <trkpt lat="47.1997580" lon="-1.5736790">
    <ele>18.0</ele>
    <time>2025-04-27T07:21:26Z</time>
    <extensions>
     <power>310</power>
     <gpxtpx:TrackPointExtension>
      <gpxtpx:hr>188</gpxtpx:hr>
      <gpxtpx:cad>78</gpxtpx:cad>
     </gpxtpx:TrackPointExtension>
    </extensions>
   </trkpt>
   <trkpt lat="47.1997500" lon="-1.5736320">
    <ele>18.0</ele>
    <time>2025-04-27T07:21:27Z</time>
    <extensions>
     <power>311</power>
     <gpxtpx:TrackPointExtension>
      <gpxtpx:hr>188</gpxtpx:hr>
      <gpxtpx:cad>77</gpxtpx:cad>
     </gpxtpx:TrackPointExtension>
    </extensions>
   </trkpt>
   <trkpt lat="47.1997480" lon="-1.5735870">
    <ele>18.0</ele>
    <time>2025-04-27T07:21:28Z</time>
    <extensions>
     <power>313</power>
     <gpxtpx:TrackPointExtension>
      <gpxtpx:hr>188</gpxtpx:hr>
      <gpxtpx:cad>77</gpxtpx:cad>
     </gpxtpx:TrackPointExtension>
    </extensions>
   </trkpt>
   <trkpt lat="47.1997450" lon="-1.5735420">
    <ele>18.0</ele>
    <time>2025-04-27T07:21:29Z</time>
    <extensions>
     <power>313</power>
     <gpxtpx:TrackPointExtension>
      <gpxtpx:hr>189</gpxtpx:hr>
      <gpxtpx:cad>77</gpxtpx:cad>
     </gpxtpx:TrackPointExtension>
    </extensions>
   </trkpt>
   <trkpt lat="47.1997500" lon="-1.5734980">
    <ele>18.0</ele>
    <time>2025-04-27T07:21:30Z</time>
    <extensions>
     <power>314</power>
     <gpxtpx:TrackPointExtension>
      <gpxtpx:hr>189</gpxtpx:hr>
      <gpxtpx:cad>77</gpxtpx:cad>
     </gpxtpx:TrackPointExtension>
    </extensions>
   </trkpt>
   <trkpt lat="47.1997550" lon="-1.5734540">
    <ele>18.0</ele>
    <time>2025-04-27T07:21:31Z</time>
    <extensions>
     <power>314</power>
     <gpxtpx:TrackPointExtension>
      <gpxtpx:hr>189</gpxtpx:hr>
      <gpxtpx:cad>77</gpxtpx:cad>
     </gpxtpx:TrackPointExtension>
    </extensions>
   </trkpt>
   <trkpt lat="47.1997660" lon="-1.5734110">
    <ele>18.0</ele>
    <time>2025-04-27T07:21:32Z</time>
    <extensions>
     <power>314</power>
     <gpxtpx:TrackPointExtension>
      <gpxtpx:hr>188</gpxtpx:hr>
      <gpxtpx:cad>77</gpxtpx:cad>
     </gpxtpx:TrackPointExtension>
    </extensions>
   </trkpt>
   <trkpt lat="47.1997780" lon="-1.5733690">
    <ele>18.0</ele>
    <time>2025-04-27T07:21:33Z</time>
    <extensions>
     <power>312</power>
     <gpxtpx:TrackPointExtension>
      <gpxtpx:hr>188</gpxtpx:hr>
      <gpxtpx:cad>77</gpxtpx:cad>
     </gpxtpx:TrackPointExtension>
    </extensions>
   </trkpt>
   <trkpt lat="47.1997910" lon="-1.5733260">
    <ele>18.0</ele>
    <time>2025-04-27T07:21:34Z</time>
    <extensions>
     <power>311</power>
     <gpxtpx:TrackPointExtension>
      <gpxtpx:hr>188</gpxtpx:hr>
      <gpxtpx:cad>77</gpxtpx:cad>
     </gpxtpx:TrackPointExtension>
    </extensions>
   </trkpt>
   <trkpt lat="47.1998040" lon="-1.5732830">
    <ele>18.0</ele>
    <time>2025-04-27T07:21:35Z</time>
    <extensions>
     <power>310</power>
     <gpxtpx:TrackPointExtension>
      <gpxtpx:hr>188</gpxtpx:hr>
      <gpxtpx:cad>77</gpxtpx:cad>
     </gpxtpx:TrackPointExtension>
    </extensions>
   </trkpt>
   <trkpt lat="47.1998150" lon="-1.5732360">
    <ele>18.0</ele>
    <time>2025-04-27T07:21:36Z</time>
    <extensions>
     <power>309</power>
     <gpxtpx:TrackPointExtension>
      <gpxtpx:hr>188</gpxtpx:hr>
      <gpxtpx:cad>77</gpxtpx:cad>
     </gpxtpx:TrackPointExtension>
    </extensions>
   </trkpt>
   <trkpt lat="47.1998260" lon="-1.5731900">
    <ele>18.0</ele>
    <time>2025-04-27T07:21:37Z</time>
    <extensions>
     <power>309</power>
     <gpxtpx:TrackPointExtension>
      <gpxtpx:hr>188</gpxtpx:hr>
      <gpxtpx:cad>77</gpxtpx:cad>
     </gpxtpx:TrackPointExtension>
    </extensions>
   </trkpt>
   <trkpt lat="47.1998340" lon="-1.5731400">
    <ele>18.0</ele>
    <time>2025-04-27T07:21:38Z</time>
    <extensions>
     <power>309</power>
     <gpxtpx:TrackPointExtension>
      <gpxtpx:hr>188</gpxtpx:hr>
      <gpxtpx:cad>78</gpxtpx:cad>
     </gpxtpx:TrackPointExtension>
    </extensions>
   </trkpt>
   <trkpt lat="47.1998420" lon="-1.5730910">
    <ele>18.0</ele>
    <time>2025-04-27T07:21:39Z</time>
    <extensions>
     <power>308</power>
     <gpxtpx:TrackPointExtension>
      <gpxtpx:hr>188</gpxtpx:hr>
      <gpxtpx:cad>78</gpxtpx:cad>
     </gpxtpx:TrackPointExtension>
    </extensions>
   </trkpt>
   <trkpt lat="47.1998460" lon="-1.5730410">
    <ele>18.0</ele>
    <time>2025-04-27T07:21:40Z</time>
    <extensions>
     <power>308</power>
     <gpxtpx:TrackPointExtension>
      <gpxtpx:hr>187</gpxtpx:hr>
      <gpxtpx:cad>78</gpxtpx:cad>
     </gpxtpx:TrackPointExtension>
    </extensions>
   </trkpt>
   <trkpt lat="47.1998500" lon="-1.5729910">
    <ele>18.0</ele>
    <time>2025-04-27T07:21:41Z</time>
    <extensions>
     <power>308</power>
     <gpxtpx:TrackPointExtension>
      <gpxtpx:hr>187</gpxtpx:hr>
      <gpxtpx:cad>78</gpxtpx:cad>
     </gpxtpx:TrackPointExtension>
    </extensions>
   </trkpt>
   <trkpt lat="47.1998510" lon="-1.5729390">
    <ele>18.0</ele>
    <time>2025-04-27T07:21:42Z</time>
    <extensions>
     <power>309</power>
     <gpxtpx:TrackPointExtension>
      <gpxtpx:hr>187</gpxtpx:hr>
      <gpxtpx:cad>79</gpxtpx:cad>
     </gpxtpx:TrackPointExtension>
    </extensions>
   </trkpt>
   <trkpt lat="47.1998520" lon="-1.5728880">
    <ele>18.0</ele>
    <time>2025-04-27T07:21:43Z</time>
    <extensions>
     <power>310</power>
     <gpxtpx:TrackPointExtension>
      <gpxtpx:hr>186</gpxtpx:hr>
      <gpxtpx:cad>79</gpxtpx:cad>
     </gpxtpx:TrackPointExtension>
    </extensions>
   </trkpt>
   <trkpt lat="47.1998520" lon="-1.5728350">
    <ele>18.0</ele>
    <time>2025-04-27T07:21:44Z</time>
    <extensions>
     <power>311</power>
     <gpxtpx:TrackPointExtension>
      <gpxtpx:hr>185</gpxtpx:hr>
      <gpxtpx:cad>79</gpxtpx:cad>
     </gpxtpx:TrackPointExtension>
    </extensions>
   </trkpt>
   <trkpt lat="47.1998530" lon="-1.5727820">
    <ele>18.0</ele>
    <time>2025-04-27T07:21:45Z</time>
    <extensions>
     <power>312</power>
     <gpxtpx:TrackPointExtension>
      <gpxtpx:hr>185</gpxtpx:hr>
      <gpxtpx:cad>79</gpxtpx:cad>
     </gpxtpx:TrackPointExtension>
    </extensions>
   </trkpt>
   <trkpt lat="47.1998530" lon="-1.5727310">
    <ele>18.0</ele>
    <time>2025-04-27T07:21:46Z</time>
    <extensions>
     <power>314</power>
     <gpxtpx:TrackPointExtension>
      <gpxtpx:hr>184</gpxtpx:hr>
      <gpxtpx:cad>79</gpxtpx:cad>
     </gpxtpx:TrackPointExtension>
    </extensions>
   </trkpt>
   <trkpt lat="47.1998530" lon="-1.5726800">
    <ele>18.0</ele>
    <time>2025-04-27T07:21:47Z</time>
    <extensions>
     <power>314</power>
     <gpxtpx:TrackPointExtension>
      <gpxtpx:hr>184</gpxtpx:hr>
      <gpxtpx:cad>79</gpxtpx:cad>
     </gpxtpx:TrackPointExtension>
    </extensions>
   </trkpt>
   <trkpt lat="47.1998530" lon="-1.5726310">
    <ele>18.0</ele>
    <time>2025-04-27T07:21:48Z</time>
    <extensions>
     <power>315</power>
     <gpxtpx:TrackPointExtension>
      <gpxtpx:hr>184</gpxtpx:hr>
      <gpxtpx:cad>79</gpxtpx:cad>
     </gpxtpx:TrackPointExtension>
    </extensions>
   </trkpt>
   <trkpt lat="47.1998520" lon="-1.5725830">
    <ele>18.0</ele>
    <time>2025-04-27T07:21:49Z</time>
    <extensions>
     <power>315</power>
     <gpxtpx:TrackPointExtension>
      <gpxtpx:hr>184</gpxtpx:hr>
      <gpxtpx:cad>79</gpxtpx:cad>
     </gpxtpx:TrackPointExtension>
    </extensions>
   </trkpt>
   <trkpt lat="47.1998510" lon="-1.5725340">
    <ele>18.0</ele>
    <time>2025-04-27T07:21:50Z</time>
    <extensions>
     <power>316</power>
     <gpxtpx:TrackPointExtension>
      <gpxtpx:hr>183</gpxtpx:hr>
      <gpxtpx:cad>79</gpxtpx:cad>
     </gpxtpx:TrackPointExtension>
    </extensions>
   </trkpt>
   <trkpt lat="47.1998490" lon="-1.5724860">
    <ele>18.0</ele>
    <time>2025-04-27T07:21:51Z</time>
    <extensions>
     <power>316</power>
     <gpxtpx:TrackPointExtension>
      <gpxtpx:hr>183</gpxtpx:hr>
      <gpxtpx:cad>78</gpxtpx:cad>
     </gpxtpx:TrackPointExtension>
    </extensions>
   </trkpt>
   <trkpt lat="47.1998480" lon="-1.5724370">
    <ele>18.0</ele>
    <time>2025-04-27T07:21:52Z</time>
    <extensions>
     <power>317</power>
     <gpxtpx:TrackPointExtension>
      <gpxtpx:hr>183</gpxtpx:hr>
      <gpxtpx:cad>78</gpxtpx:cad>
     </gpxtpx:TrackPointExtension>
    </extensions>
   </trkpt>
   <trkpt lat="47.1998470" lon="-1.5723880">
    <ele>18.0</ele>
    <time>2025-04-27T07:21:53Z</time>
    <extensions>
     <power>317</power>
     <gpxtpx:TrackPointExtension>
      <gpxtpx:hr>184</gpxtpx:hr>
      <gpxtpx:cad>78</gpxtpx:cad>
     </gpxtpx:TrackPointExtension>
    </extensions>
   </trkpt>
   <trkpt lat="47.1998470" lon="-1.5723390">
    <ele>18.0</ele>
    <time>2025-04-27T07:21:54Z</time>
    <extensions>
     <power>318</power>
     <gpxtpx:TrackPointExtension>
      <gpxtpx:hr>184</gpxtpx:hr>
      <gpxtpx:cad>78</gpxtpx:cad>
     </gpxtpx:TrackPointExtension>
    </extensions>
   </trkpt>
   <trkpt lat="47.1998460" lon="-1.5722890">
    <ele>19.0</ele>
    <time>2025-04-27T07:21:55Z</time>
    <extensions>
     <power>317</power>
     <gpxtpx:TrackPointExtension>
      <gpxtpx:hr>184</gpxtpx:hr>
      <gpxtpx:cad>78</gpxtpx:cad>
     </gpxtpx:TrackPointExtension>
    </extensions>
   </trkpt>
   <trkpt lat="47.1998450" lon="-1.5722400">
    <ele>19.0</ele>
    <time>2025-04-27T07:21:56Z</time>
    <extensions>
     <power>317</power>
     <gpxtpx:TrackPointExtension>
      <gpxtpx:hr>185</gpxtpx:hr>
      <gpxtpx:cad>78</gpxtpx:cad>
     </gpxtpx:TrackPointExtension>
    </extensions>
   </trkpt>
   <trkpt lat="47.1998440" lon="-1.5721900">
    <ele>19.0</ele>
    <time>2025-04-27T07:21:57Z</time>
    <extensions>
     <power>317</power>
     <gpxtpx:TrackPointExtension>
      <gpxtpx:hr>185</gpxtpx:hr>
      <gpxtpx:cad>78</gpxtpx:cad>
     </gpxtpx:TrackPointExtension>
    </extensions>
   </trkpt>
   <trkpt lat="47.1998440" lon="-1.5721400">
    <ele>19.0</ele>
    <time>2025-04-27T07:21:58Z</time>
    <extensions>
     <power>317</power>
     <gpxtpx:TrackPointExtension>
      <gpxtpx:hr>185</gpxtpx:hr>
      <gpxtpx:cad>78</gpxtpx:cad>
     </gpxtpx:TrackPointExtension>
    </extensions>
   </trkpt>
   <trkpt lat="47.1998430" lon="-1.5720900">
    <ele>19.0</ele>
    <time>2025-04-27T07:21:59Z</time>
    <extensions>
     <power>316</power>
     <gpxtpx:TrackPointExtension>
      <gpxtpx:hr>185</gpxtpx:hr>
      <gpxtpx:cad>78</gpxtpx:cad>
     </gpxtpx:TrackPointExtension>
    </extensions>
   </trkpt>
   <trkpt lat="47.1998420" lon="-1.5720420">
    <ele>19.0</ele>
    <time>2025-04-27T07:22:00Z</time>
    <extensions>
     <power>316</power>
     <gpxtpx:TrackPointExtension>
      <gpxtpx:hr>186</gpxtpx:hr>
      <gpxtpx:cad>78</gpxtpx:cad>
     </gpxtpx:TrackPointExtension>
    </extensions>
   </trkpt>
   <trkpt lat="47.1998410" lon="-1.5719940">
    <ele>19.0</ele>
    <time>2025-04-27T07:22:01Z</time>
    <extensions>
     <power>316</power>
     <gpxtpx:TrackPointExtension>
      <gpxtpx:hr>185</gpxtpx:hr>
      <gpxtpx:cad>78</gpxtpx:cad>
     </gpxtpx:TrackPointExtension>
    </extensions>
   </trkpt>
   <trkpt lat="47.1998380" lon="-1.5719460">
    <ele>19.0</ele>
    <time>2025-04-27T07:22:02Z</time>
    <extensions>
     <power>316</power>
     <gpxtpx:TrackPointExtension>
      <gpxtpx:hr>186</gpxtpx:hr>
      <gpxtpx:cad>78</gpxtpx:cad>
     </gpxtpx:TrackPointExtension>
    </extensions>
   </trkpt>
   <trkpt lat="47.1998360" lon="-1.5718980">
    <ele>19.0</ele>
    <time>2025-04-27T07:22:03Z</time>
    <extensions>
     <power>315</power>
     <gpxtpx:TrackPointExtension>
      <gpxtpx:hr>185</gpxtpx:hr>
      <gpxtpx:cad>78</gpxtpx:cad>
     </gpxtpx:TrackPointExtension>
    </extensions>
   </trkpt>
   <trkpt lat="47.1998340" lon="-1.5718490">
    <ele>19.0</ele>
    <time>2025-04-27T07:22:04Z</time>
    <extensions>
     <power>315</power>
     <gpxtpx:TrackPointExtension>
      <gpxtpx:hr>186</gpxtpx:hr>
      <gpxtpx:cad>78</gpxtpx:cad>
     </gpxtpx:TrackPointExtension>
    </extensions>
   </trkpt>
   <trkpt lat="47.1998320" lon="-1.5718010">
    <ele>19.0</ele>
    <time>2025-04-27T07:22:05Z</time>
    <extensions>
     <power>315</power>
     <gpxtpx:TrackPointExtension>
      <gpxtpx:hr>185</gpxtpx:hr>
      <gpxtpx:cad>77</gpxtpx:cad>
     </gpxtpx:TrackPointExtension>
    </extensions>
   </trkpt>
   <trkpt lat="47.1998310" lon="-1.5717520">
    <ele>19.0</ele>
    <time>2025-04-27T07:22:06Z</time>
    <extensions>
     <power>315</power>
     <gpxtpx:TrackPointExtension>
      <gpxtpx:hr>185</gpxtpx:hr>
      <gpxtpx:cad>77</gpxtpx:cad>
     </gpxtpx:TrackPointExtension>
    </extensions>
   </trkpt>
   <trkpt lat="47.1998300" lon="-1.5717030">
    <ele>19.0</ele>
    <time>2025-04-27T07:22:07Z</time>
    <extensions>
     <power>314</power>
     <gpxtpx:TrackPointExtension>
      <gpxtpx:hr>185</gpxtpx:hr>
      <gpxtpx:cad>77</gpxtpx:cad>
     </gpxtpx:TrackPointExtension>
    </extensions>
   </trkpt>
   <trkpt lat="47.1998290" lon="-1.5716540">
    <ele>19.0</ele>
    <time>2025-04-27T07:22:08Z</time>
    <extensions>
     <power>314</power>
     <gpxtpx:TrackPointExtension>
      <gpxtpx:hr>185</gpxtpx:hr>
      <gpxtpx:cad>78</gpxtpx:cad>
     </gpxtpx:TrackPointExtension>
    </extensions>
   </trkpt>
   <trkpt lat="47.1998280" lon="-1.5716050">
    <ele>19.0</ele>
    <time>2025-04-27T07:22:09Z</time>
    <extensions>
     <power>314</power>
     <gpxtpx:TrackPointExtension>
      <gpxtpx:hr>185</gpxtpx:hr>
      <gpxtpx:cad>78</gpxtpx:cad>
     </gpxtpx:TrackPointExtension>
    </extensions>
   </trkpt>
   <trkpt lat="47.1998260" lon="-1.5715560">
    <ele>19.0</ele>
    <time>2025-04-27T07:22:10Z</time>
    <extensions>
     <power>314</power>
     <gpxtpx:TrackPointExtension>
      <gpxtpx:hr>185</gpxtpx:hr>
      <gpxtpx:cad>78</gpxtpx:cad>
     </gpxtpx:TrackPointExtension>
    </extensions>
   </trkpt>
   <trkpt lat="47.1998240" lon="-1.5715070">
    <ele>19.0</ele>
    <time>2025-04-27T07:22:11Z</time>
    <extensions>
     <power>314</power>
     <gpxtpx:TrackPointExtension>
      <gpxtpx:hr>185</gpxtpx:hr>
      <gpxtpx:cad>78</gpxtpx:cad>
     </gpxtpx:TrackPointExtension>
    </extensions>
   </trkpt>
   <trkpt lat="47.1998200" lon="-1.5714570">
    <ele>19.0</ele>
    <time>2025-04-27T07:22:12Z</time>
    <extensions>
     <power>314</power>
     <gpxtpx:TrackPointExtension>
      <gpxtpx:hr>185</gpxtpx:hr>
      <gpxtpx:cad>78</gpxtpx:cad>
     </gpxtpx:TrackPointExtension>
    </extensions>
   </trkpt>
   <trkpt lat="47.1998150" lon="-1.5714080">
    <ele>19.0</ele>
    <time>2025-04-27T07:22:13Z</time>
    <extensions>
     <power>314</power>
     <gpxtpx:TrackPointExtension>
      <gpxtpx:hr>184</gpxtpx:hr>
      <gpxtpx:cad>78</gpxtpx:cad>
     </gpxtpx:TrackPointExtension>
    </extensions>
   </trkpt>
   <trkpt lat="47.1998080" lon="-1.5713600">
    <ele>19.0</ele>
    <time>2025-04-27T07:22:14Z</time>
    <extensions>
     <power>314</power>
     <gpxtpx:TrackPointExtension>
      <gpxtpx:hr>184</gpxtpx:hr>
      <gpxtpx:cad>78</gpxtpx:cad>
     </gpxtpx:TrackPointExtension>
    </extensions>
   </trkpt>
   <trkpt lat="47.1998000" lon="-1.5713120">
    <ele>19.0</ele>
    <time>2025-04-27T07:22:15Z</time>
    <extensions>
     <power>314</power>
     <gpxtpx:TrackPointExtension>
      <gpxtpx:hr>184</gpxtpx:hr>
      <gpxtpx:cad>78</gpxtpx:cad>
     </gpxtpx:TrackPointExtension>
    </extensions>
   </trkpt>
   <trkpt lat="47.1997890" lon="-1.5712670">
    <ele>19.0</ele>
    <time>2025-04-27T07:22:16Z</time>
    <extensions>
     <power>315</power>
     <gpxtpx:TrackPointExtension>
      <gpxtpx:hr>184</gpxtpx:hr>
      <gpxtpx:cad>78</gpxtpx:cad>
     </gpxtpx:TrackPointExtension>
    </extensions>
   </trkpt>
   <trkpt lat="47.1997780" lon="-1.5712220">
    <ele>19.0</ele>
    <time>2025-04-27T07:22:17Z</time>
    <extensions>
     <power>315</power>
     <gpxtpx:TrackPointExtension>
      <gpxtpx:hr>184</gpxtpx:hr>
      <gpxtpx:cad>78</gpxtpx:cad>
     </gpxtpx:TrackPointExtension>
    </extensions>
   </trkpt>
   <trkpt lat="47.1997660" lon="-1.5711770">
    <ele>19.0</ele>
    <time>2025-04-27T07:22:18Z</time>
    <extensions>
     <power>315</power>
     <gpxtpx:TrackPointExtension>
      <gpxtpx:hr>184</gpxtpx:hr>
      <gpxtpx:cad>78</gpxtpx:cad>
     </gpxtpx:TrackPointExtension>
    </extensions>
   </trkpt>
   <trkpt lat="47.1997540" lon="-1.5711330">
    <ele>19.0</ele>
    <time>2025-04-27T07:22:19Z</time>
    <extensions>
     <power>315</power>
     <gpxtpx:TrackPointExtension>
      <gpxtpx:hr>185</gpxtpx:hr>
      <gpxtpx:cad>78</gpxtpx:cad>
     </gpxtpx:TrackPointExtension>
    </extensions>
   </trkpt>
   <trkpt lat="47.1997410" lon="-1.5710880">
    <ele>19.0</ele>
    <time>2025-04-27T07:22:20Z</time>
    <extensions>
     <power>315</power>
     <gpxtpx:TrackPointExtension>
      <gpxtpx:hr>184</gpxtpx:hr>
      <gpxtpx:cad>78</gpxtpx:cad>
     </gpxtpx:TrackPointExtension>
    </extensions>
   </trkpt>
   <trkpt lat="47.1997280" lon="-1.5710440">
    <ele>19.0</ele>
    <time>2025-04-27T07:22:21Z</time>
    <extensions>
     <power>314</power>
     <gpxtpx:TrackPointExtension>
      <gpxtpx:hr>184</gpxtpx:hr>
      <gpxtpx:cad>78</gpxtpx:cad>
     </gpxtpx:TrackPointExtension>
    </extensions>
   </trkpt>
   <trkpt lat="47.1997160" lon="-1.5709990">
    <ele>19.0</ele>
    <time>2025-04-27T07:22:22Z</time>
    <extensions>
     <power>314</power>
     <gpxtpx:TrackPointExtension>
      <gpxtpx:hr>184</gpxtpx:hr>
      <gpxtpx:cad>78</gpxtpx:cad>
     </gpxtpx:TrackPointExtension>
    </extensions>
   </trkpt>
   <trkpt lat="47.1997040" lon="-1.5709540">
    <ele>19.0</ele>
    <time>2025-04-27T07:22:23Z</time>
    <extensions>
     <power>314</power>
     <gpxtpx:TrackPointExtension>
      <gpxtpx:hr>184</gpxtpx:hr>
      <gpxtpx:cad>78</gpxtpx:cad>
     </gpxtpx:TrackPointExtension>
    </extensions>
   </trkpt>
   <trkpt lat="47.1996940" lon="-1.5709080">
    <ele>19.0</ele>
    <time>2025-04-27T07:22:24Z</time>
    <extensions>
     <power>314</power>
     <gpxtpx:TrackPointExtension>
      <gpxtpx:hr>184</gpxtpx:hr>
      <gpxtpx:cad>78</gpxtpx:cad>
     </gpxtpx:TrackPointExtension>
    </extensions>
   </trkpt>
   <trkpt lat="47.1996840" lon="-1.5708630">
    <ele>19.0</ele>
    <time>2025-04-27T07:22:25Z</time>
    <extensions>
     <power>314</power>
     <gpxtpx:TrackPointExtension>
      <gpxtpx:hr>184</gpxtpx:hr>
      <gpxtpx:cad>78</gpxtpx:cad>
     </gpxtpx:TrackPointExtension>
    </extensions>
   </trkpt>
   <trkpt lat="47.1996730" lon="-1.5708170">
    <ele>19.0</ele>
    <time>2025-04-27T07:22:26Z</time>
    <extensions>
     <power>314</power>
     <gpxtpx:TrackPointExtension>
      <gpxtpx:hr>184</gpxtpx:hr>
      <gpxtpx:cad>78</gpxtpx:cad>
     </gpxtpx:TrackPointExtension>
    </extensions>
   </trkpt>
   <trkpt lat="47.1996640" lon="-1.5707720">
    <ele>19.0</ele>
    <time>2025-04-27T07:22:27Z</time>
    <extensions>
     <power>314</power>
     <gpxtpx:TrackPointExtension>
      <gpxtpx:hr>184</gpxtpx:hr>
      <gpxtpx:cad>78</gpxtpx:cad>
     </gpxtpx:TrackPointExtension>
    </extensions>
   </trkpt>
   <trkpt lat="47.1996530" lon="-1.5707260">
    <ele>19.0</ele>
    <time>2025-04-27T07:22:28Z</time>
    <extensions>
     <power>314</power>
     <gpxtpx:TrackPointExtension>
      <gpxtpx:hr>185</gpxtpx:hr>
      <gpxtpx:cad>78</gpxtpx:cad>
     </gpxtpx:TrackPointExtension>
    </extensions>
   </trkpt>
   <trkpt lat="47.1996430" lon="-1.5706800">
    <ele>19.0</ele>
    <time>2025-04-27T07:22:29Z</time>
    <extensions>
     <power>314</power>
     <gpxtpx:TrackPointExtension>
      <gpxtpx:hr>185</gpxtpx:hr>
      <gpxtpx:cad>78</gpxtpx:cad>
     </gpxtpx:TrackPointExtension>
    </extensions>
   </trkpt>
   <trkpt lat="47.1996320" lon="-1.5706350">
    <ele>19.0</ele>
    <time>2025-04-27T07:22:30Z</time>
    <extensions>
     <power>314</power>
     <gpxtpx:TrackPointExtension>
      <gpxtpx:hr>185</gpxtpx:hr>
      <gpxtpx:cad>78</gpxtpx:cad>
     </gpxtpx:TrackPointExtension>
    </extensions>
   </trkpt>
   <trkpt lat="47.1996200" lon="-1.5705900">
    <ele>19.0</ele>
    <time>2025-04-27T07:22:31Z</time>
    <extensions>
     <power>314</power>
     <gpxtpx:TrackPointExtension>
      <gpxtpx:hr>186</gpxtpx:hr>
      <gpxtpx:cad>78</gpxtpx:cad>
     </gpxtpx:TrackPointExtension>
    </extensions>
   </trkpt>
   <trkpt lat="47.1996080" lon="-1.5705440">
    <ele>19.0</ele>
    <time>2025-04-27T07:22:32Z</time>
    <extensions>
     <power>314</power>
     <gpxtpx:TrackPointExtension>
      <gpxtpx:hr>186</gpxtpx:hr>
      <gpxtpx:cad>78</gpxtpx:cad>
     </gpxtpx:TrackPointExtension>
    </extensions>
   </trkpt>
   <trkpt lat="47.1995950" lon="-1.5704990">
    <ele>19.0</ele>
    <time>2025-04-27T07:22:33Z</time>
    <extensions>
     <power>314</power>
     <gpxtpx:TrackPointExtension>
      <gpxtpx:hr>186</gpxtpx:hr>
      <gpxtpx:cad>78</gpxtpx:cad>
     </gpxtpx:TrackPointExtension>
    </extensions>
   </trkpt>
   <trkpt lat="47.1995830" lon="-1.5704520">
    <ele>19.0</ele>
    <time>2025-04-27T07:22:34Z</time>
    <extensions>
     <power>314</power>
     <gpxtpx:TrackPointExtension>
      <gpxtpx:hr>185</gpxtpx:hr>
      <gpxtpx:cad>78</gpxtpx:cad>
     </gpxtpx:TrackPointExtension>
    </extensions>
   </trkpt>
   <trkpt lat="47.1995710" lon="-1.5704050">
    <ele>19.0</ele>
    <time>2025-04-27T07:22:35Z</time>
    <extensions>
     <power>314</power>
     <gpxtpx:TrackPointExtension>
      <gpxtpx:hr>185</gpxtpx:hr>
      <gpxtpx:cad>78</gpxtpx:cad>
     </gpxtpx:TrackPointExtension>
    </extensions>
   </trkpt>
   <trkpt lat="47.1995630" lon="-1.5703580">
    <ele>19.0</ele>
    <time>2025-04-27T07:22:36Z</time>
    <extensions>
     <power>314</power>
     <gpxtpx:TrackPointExtension>
      <gpxtpx:hr>185</gpxtpx:hr>
      <gpxtpx:cad>78</gpxtpx:cad>
     </gpxtpx:TrackPointExtension>
    </extensions>
   </trkpt>
   <trkpt lat="47.1995540" lon="-1.5703100">
    <ele>19.0</ele>
    <time>2025-04-27T07:22:37Z</time>
    <extensions>
     <power>314</power>
     <gpxtpx:TrackPointExtension>
      <gpxtpx:hr>185</gpxtpx:hr>
      <gpxtpx:cad>78</gpxtpx:cad>
     </gpxtpx:TrackPointExtension>
    </extensions>
   </trkpt>
   <trkpt lat="47.1995490" lon="-1.5702630">
    <ele>19.0</ele>
    <time>2025-04-27T07:22:38Z</time>
    <extensions>
     <power>314</power>
     <gpxtpx:TrackPointExtension>
      <gpxtpx:hr>185</gpxtpx:hr>
      <gpxtpx:cad>78</gpxtpx:cad>
     </gpxtpx:TrackPointExtension>
    </extensions>
   </trkpt>
   <trkpt lat="47.1995450" lon="-1.5702150">
    <ele>19.0</ele>
    <time>2025-04-27T07:22:39Z</time>
    <extensions>
     <power>314</power>
     <gpxtpx:TrackPointExtension>
      <gpxtpx:hr>185</gpxtpx:hr>
      <gpxtpx:cad>78</gpxtpx:cad>
     </gpxtpx:TrackPointExtension>
    </extensions>
   </trkpt>
   <trkpt lat="47.1995440" lon="-1.5701670">
    <ele>19.0</ele>
    <time>2025-04-27T07:22:40Z</time>
    <extensions>
     <power>314</power>
     <gpxtpx:TrackPointExtension>
      <gpxtpx:hr>185</gpxtpx:hr>
      <gpxtpx:cad>78</gpxtpx:cad>
     </gpxtpx:TrackPointExtension>
    </extensions>
   </trkpt>
   <trkpt lat="47.1995430" lon="-1.5701190">
    <ele>19.0</ele>
    <time>2025-04-27T07:22:41Z</time>
    <extensions>
     <power>314</power>
     <gpxtpx:TrackPointExtension>
      <gpxtpx:hr>185</gpxtpx:hr>
      <gpxtpx:cad>78</gpxtpx:cad>
     </gpxtpx:TrackPointExtension>
    </extensions>
   </trkpt>
   <trkpt lat="47.1995440" lon="-1.5700710">
    <ele>19.0</ele>
    <time>2025-04-27T07:22:42Z</time>
    <extensions>
     <power>314</power>
     <gpxtpx:TrackPointExtension>
      <gpxtpx:hr>185</gpxtpx:hr>
      <gpxtpx:cad>79</gpxtpx:cad>
     </gpxtpx:TrackPointExtension>
    </extensions>
   </trkpt>
   <trkpt lat="47.1995440" lon="-1.5700230">
    <ele>19.0</ele>
    <time>2025-04-27T07:22:43Z</time>
    <extensions>
     <power>314</power>
     <gpxtpx:TrackPointExtension>
      <gpxtpx:hr>185</gpxtpx:hr>
      <gpxtpx:cad>79</gpxtpx:cad>
     </gpxtpx:TrackPointExtension>
    </extensions>
   </trkpt>
   <trkpt lat="47.1995460" lon="-1.5699740">
    <ele>19.0</ele>
    <time>2025-04-27T07:22:44Z</time>
    <extensions>
     <power>314</power>
     <gpxtpx:TrackPointExtension>
      <gpxtpx:hr>185</gpxtpx:hr>
      <gpxtpx:cad>79</gpxtpx:cad>
     </gpxtpx:TrackPointExtension>
    </extensions>
   </trkpt>
   <trkpt lat="47.1995480" lon="-1.5699260">
    <ele>19.0</ele>
    <time>2025-04-27T07:22:45Z</time>
    <extensions>
     <power>314</power>
     <gpxtpx:TrackPointExtension>
      <gpxtpx:hr>185</gpxtpx:hr>
      <gpxtpx:cad>79</gpxtpx:cad>
     </gpxtpx:TrackPointExtension>
    </extensions>
   </trkpt>
   <trkpt lat="47.1995490" lon="-1.5698760">
    <ele>19.0</ele>
    <time>2025-04-27T07:22:46Z</time>
    <extensions>
     <power>314</power>
     <gpxtpx:TrackPointExtension>
      <gpxtpx:hr>185</gpxtpx:hr>
      <gpxtpx:cad>79</gpxtpx:cad>
     </gpxtpx:TrackPointExtension>
    </extensions>
   </trkpt>
   <trkpt lat="47.1995500" lon="-1.5698260">
    <ele>19.0</ele>
    <time>2025-04-27T07:22:47Z</time>
    <extensions>
     <power>314</power>
     <gpxtpx:TrackPointExtension>
      <gpxtpx:hr>186</gpxtpx:hr>
      <gpxtpx:cad>79</gpxtpx:cad>
     </gpxtpx:TrackPointExtension>
    </extensions>
   </trkpt>
   <trkpt lat="47.1995510" lon="-1.5697760">
    <ele>19.0</ele>
    <time>2025-04-27T07:22:48Z</time>
    <extensions>
     <power>314</power>
     <gpxtpx:TrackPointExtension>
      <gpxtpx:hr>186</gpxtpx:hr>
      <gpxtpx:cad>79</gpxtpx:cad>
     </gpxtpx:TrackPointExtension>
    </extensions>
   </trkpt>
   <trkpt lat="47.1995530" lon="-1.5697250">
    <ele>19.0</ele>
    <time>2025-04-27T07:22:49Z</time>
    <extensions>
     <power>314</power>
     <gpxtpx:TrackPointExtension>
      <gpxtpx:hr>186</gpxtpx:hr>
      <gpxtpx:cad>79</gpxtpx:cad>
     </gpxtpx:TrackPointExtension>
    </extensions>
   </trkpt>
   <trkpt lat="47.1995540" lon="-1.5696750">
    <ele>19.0</ele>
    <time>2025-04-27T07:22:50Z</time>
    <extensions>
     <power>314</power>
     <gpxtpx:TrackPointExtension>
      <gpxtpx:hr>186</gpxtpx:hr>
      <gpxtpx:cad>79</gpxtpx:cad>
     </gpxtpx:TrackPointExtension>
    </extensions>
   </trkpt>
   <trkpt lat="47.1995550" lon="-1.5696240">
    <ele>18.0</ele>
    <time>2025-04-27T07:22:51Z</time>
    <extensions>
     <power>314</power>
     <gpxtpx:TrackPointExtension>
      <gpxtpx:hr>186</gpxtpx:hr>
      <gpxtpx:cad>79</gpxtpx:cad>
     </gpxtpx:TrackPointExtension>
    </extensions>
   </trkpt>
   <trkpt lat="47.1995550" lon="-1.5695740">
    <ele>18.0</ele>
    <time>2025-04-27T07:22:52Z</time>
    <extensions>
     <power>314</power>
     <gpxtpx:TrackPointExtension>
      <gpxtpx:hr>186</gpxtpx:hr>
      <gpxtpx:cad>79</gpxtpx:cad>
     </gpxtpx:TrackPointExtension>
    </extensions>
   </trkpt>
   <trkpt lat="47.1995560" lon="-1.5695240">
    <ele>18.0</ele>
    <time>2025-04-27T07:22:53Z</time>
    <extensions>
     <power>314</power>
     <gpxtpx:TrackPointExtension>
      <gpxtpx:hr>185</gpxtpx:hr>
      <gpxtpx:cad>79</gpxtpx:cad>
     </gpxtpx:TrackPointExtension>
    </extensions>
   </trkpt>
   <trkpt lat="47.1995580" lon="-1.5694740">
    <ele>18.0</ele>
    <time>2025-04-27T07:22:54Z</time>
    <extensions>
     <power>314</power>
     <gpxtpx:TrackPointExtension>
      <gpxtpx:hr>185</gpxtpx:hr>
      <gpxtpx:cad>79</gpxtpx:cad>
     </gpxtpx:TrackPointExtension>
    </extensions>
   </trkpt>
   <trkpt lat="47.1995590" lon="-1.5694240">
    <ele>18.0</ele>
    <time>2025-04-27T07:22:55Z</time>
    <extensions>
     <power>314</power>
     <gpxtpx:TrackPointExtension>
      <gpxtpx:hr>184</gpxtpx:hr>
      <gpxtpx:cad>79</gpxtpx:cad>
     </gpxtpx:TrackPointExtension>
    </extensions>
   </trkpt>
   <trkpt lat="47.1995610" lon="-1.5693750">
    <ele>18.0</ele>
    <time>2025-04-27T07:22:56Z</time>
    <extensions>
     <power>314</power>
     <gpxtpx:TrackPointExtension>
      <gpxtpx:hr>184</gpxtpx:hr>
      <gpxtpx:cad>79</gpxtpx:cad>
     </gpxtpx:TrackPointExtension>
    </extensions>
   </trkpt>
   <trkpt lat="47.1995620" lon="-1.5693260">
    <ele>18.0</ele>
    <time>2025-04-27T07:22:57Z</time>
    <extensions>
     <power>314</power>
     <gpxtpx:TrackPointExtension>
      <gpxtpx:hr>184</gpxtpx:hr>
      <gpxtpx:cad>79</gpxtpx:cad>
     </gpxtpx:TrackPointExtension>
    </extensions>
   </trkpt>
   <trkpt lat="47.1995630" lon="-1.5692780">
    <ele>18.0</ele>
    <time>2025-04-27T07:22:58Z</time>
    <extensions>
     <power>314</power>
     <gpxtpx:TrackPointExtension>
      <gpxtpx:hr>184</gpxtpx:hr>
      <gpxtpx:cad>79</gpxtpx:cad>
     </gpxtpx:TrackPointExtension>
    </extensions>
   </trkpt>
   <trkpt lat="47.1995630" lon="-1.5692300">
    <ele>18.0</ele>
    <time>2025-04-27T07:22:59Z</time>
    <extensions>
     <power>314</power>
     <gpxtpx:TrackPointExtension>
      <gpxtpx:hr>184</gpxtpx:hr>
      <gpxtpx:cad>78</gpxtpx:cad>
     </gpxtpx:TrackPointExtension>
    </extensions>
   </trkpt>
   <trkpt lat="47.1995620" lon="-1.5691810">
    <ele>19.0</ele>
    <time>2025-04-27T07:23:00Z</time>
    <extensions>
     <power>314</power>
     <gpxtpx:TrackPointExtension>
      <gpxtpx:hr>184</gpxtpx:hr>
      <gpxtpx:cad>78</gpxtpx:cad>
     </gpxtpx:TrackPointExtension>
    </extensions>
   </trkpt>
   <trkpt lat="47.1995610" lon="-1.5691330">
    <ele>19.0</ele>
    <time>2025-04-27T07:23:01Z</time>
    <extensions>
     <power>314</power>
     <gpxtpx:TrackPointExtension>
      <gpxtpx:hr>185</gpxtpx:hr>
      <gpxtpx:cad>78</gpxtpx:cad>
     </gpxtpx:TrackPointExtension>
    </extensions>
   </trkpt>
   <trkpt lat="47.1995600" lon="-1.5690840">
    <ele>19.0</ele>
    <time>2025-04-27T07:23:02Z</time>
    <extensions>
     <power>314</power>
     <gpxtpx:TrackPointExtension>
      <gpxtpx:hr>185</gpxtpx:hr>
      <gpxtpx:cad>78</gpxtpx:cad>
     </gpxtpx:TrackPointExtension>
    </extensions>
   </trkpt>
   <trkpt lat="47.1995580" lon="-1.5690350">
    <ele>19.0</ele>
    <time>2025-04-27T07:23:03Z</time>
    <extensions>
     <power>314</power>
     <gpxtpx:TrackPointExtension>
      <gpxtpx:hr>186</gpxtpx:hr>
      <gpxtpx:cad>78</gpxtpx:cad>
     </gpxtpx:TrackPointExtension>
    </extensions>
   </trkpt>
   <trkpt lat="47.1995580" lon="-1.5689870">
    <ele>19.0</ele>
    <time>2025-04-27T07:23:04Z</time>
    <extensions>
     <power>314</power>
     <gpxtpx:TrackPointExtension>
      <gpxtpx:hr>186</gpxtpx:hr>
      <gpxtpx:cad>78</gpxtpx:cad>
     </gpxtpx:TrackPointExtension>
    </extensions>
   </trkpt>
   <trkpt lat="47.1995570" lon="-1.5689380">
    <ele>19.0</ele>
    <time>2025-04-27T07:23:05Z</time>
    <extensions>
     <power>314</power>
     <gpxtpx:TrackPointExtension>
      <gpxtpx:hr>185</gpxtpx:hr>
      <gpxtpx:cad>78</gpxtpx:cad>
     </gpxtpx:TrackPointExtension>
    </extensions>
   </trkpt>
   <trkpt lat="47.1995580" lon="-1.5688890">
    <ele>18.0</ele>
    <time>2025-04-27T07:23:06Z</time>
    <extensions>
     <power>314</power>
     <gpxtpx:TrackPointExtension>
      <gpxtpx:hr>186</gpxtpx:hr>
      <gpxtpx:cad>78</gpxtpx:cad>
     </gpxtpx:TrackPointExtension>
    </extensions>
   </trkpt>
   <trkpt lat="47.1995580" lon="-1.5688410">
    <ele>18.0</ele>
    <time>2025-04-27T07:23:07Z</time>
    <extensions>
     <power>314</power>
     <gpxtpx:TrackPointExtension>
      <gpxtpx:hr>186</gpxtpx:hr>
      <gpxtpx:cad>78</gpxtpx:cad>
     </gpxtpx:TrackPointExtension>
    </extensions>
   </trkpt>
   <trkpt lat="47.1995580" lon="-1.5687930">
    <ele>18.0</ele>
    <time>2025-04-27T07:23:08Z</time>
    <extensions>
     <power>314</power>
     <gpxtpx:TrackPointExtension>
      <gpxtpx:hr>186</gpxtpx:hr>
      <gpxtpx:cad>78</gpxtpx:cad>
     </gpxtpx:TrackPointExtension>
    </extensions>
   </trkpt>
   <trkpt lat="47.1995590" lon="-1.5687450">
    <ele>18.0</ele>
    <time>2025-04-27T07:23:09Z</time>
    <extensions>
     <power>314</power>
     <gpxtpx:TrackPointExtension>
      <gpxtpx:hr>186</gpxtpx:hr>
      <gpxtpx:cad>78</gpxtpx:cad>
     </gpxtpx:TrackPointExtension>
    </extensions>
   </trkpt>
   <trkpt lat="47.1995590" lon="-1.5686980">
    <ele>18.0</ele>
    <time>2025-04-27T07:23:10Z</time>
    <extensions>
     <power>314</power>
     <gpxtpx:TrackPointExtension>
      <gpxtpx:hr>186</gpxtpx:hr>
      <gpxtpx:cad>78</gpxtpx:cad>
     </gpxtpx:TrackPointExtension>
    </extensions>
   </trkpt>
   <trkpt lat="47.1995590" lon="-1.5686510">
    <ele>18.0</ele>
    <time>2025-04-27T07:23:11Z</time>
    <extensions>
     <power>314</power>
     <gpxtpx:TrackPointExtension>
      <gpxtpx:hr>186</gpxtpx:hr>
      <gpxtpx:cad>78</gpxtpx:cad>
     </gpxtpx:TrackPointExtension>
    </extensions>
   </trkpt>
   <trkpt lat="47.1995600" lon="-1.5686050">
    <ele>18.0</ele>
    <time>2025-04-27T07:23:12Z</time>
    <extensions>
     <power>314</power>
     <gpxtpx:TrackPointExtension>
      <gpxtpx:hr>186</gpxtpx:hr>
      <gpxtpx:cad>78</gpxtpx:cad>
     </gpxtpx:TrackPointExtension>
    </extensions>
   </trkpt>
   <trkpt lat="47.1995610" lon="-1.5685580">
    <ele>18.0</ele>
    <time>2025-04-27T07:23:13Z</time>
    <extensions>
     <power>314</power>
     <gpxtpx:TrackPointExtension>
      <gpxtpx:hr>186</gpxtpx:hr>
      <gpxtpx:cad>78</gpxtpx:cad>
     </gpxtpx:TrackPointExtension>
    </extensions>
   </trkpt>
   <trkpt lat="47.1995630" lon="-1.5685110">
    <ele>18.0</ele>
    <time>2025-04-27T07:23:14Z</time>
    <extensions>
     <power>314</power>
     <gpxtpx:TrackPointExtension>
      <gpxtpx:hr>186</gpxtpx:hr>
      <gpxtpx:cad>78</gpxtpx:cad>
     </gpxtpx:TrackPointExtension>
    </extensions>
   </trkpt>
   <trkpt lat="47.1995650" lon="-1.5684630">
    <ele>19.0</ele>
    <time>2025-04-27T07:23:15Z</time>
    <extensions>
     <power>313</power>
     <gpxtpx:TrackPointExtension>
      <gpxtpx:hr>186</gpxtpx:hr>
      <gpxtpx:cad>78</gpxtpx:cad>
     </gpxtpx:TrackPointExtension>
    </extensions>
   </trkpt>
   <trkpt lat="47.1995670" lon="-1.5684150">
    <ele>19.0</ele>
    <time>2025-04-27T07:23:16Z</time>
    <extensions>
     <power>313</power>
     <gpxtpx:TrackPointExtension>
      <gpxtpx:hr>186</gpxtpx:hr>
      <gpxtpx:cad>78</gpxtpx:cad>
     </gpxtpx:TrackPointExtension>
    </extensions>
   </trkpt>
   <trkpt lat="47.1995690" lon="-1.5683660">
    <ele>19.0</ele>
    <time>2025-04-27T07:23:17Z</time>
    <extensions>
     <power>313</power>
     <gpxtpx:TrackPointExtension>
      <gpxtpx:hr>186</gpxtpx:hr>
      <gpxtpx:cad>78</gpxtpx:cad>
     </gpxtpx:TrackPointExtension>
    </extensions>
   </trkpt>
   <trkpt lat="47.1995710" lon="-1.5683180">
    <ele>19.0</ele>
    <time>2025-04-27T07:23:18Z</time>
    <extensions>
     <power>313</power>
     <gpxtpx:TrackPointExtension>
      <gpxtpx:hr>187</gpxtpx:hr>
      <gpxtpx:cad>78</gpxtpx:cad>
     </gpxtpx:TrackPointExtension>
    </extensions>
   </trkpt>
   <trkpt lat="47.1995720" lon="-1.5682690">
    <ele>19.0</ele>
    <time>2025-04-27T07:23:19Z</time>
    <extensions>
     <power>312</power>
     <gpxtpx:TrackPointExtension>
      <gpxtpx:hr>187</gpxtpx:hr>
      <gpxtpx:cad>78</gpxtpx:cad>
     </gpxtpx:TrackPointExtension>
    </extensions>
   </trkpt>
   <trkpt lat="47.1995720" lon="-1.5682210">
    <ele>19.0</ele>
    <time>2025-04-27T07:23:20Z</time>
    <extensions>
     <power>312</power>
     <gpxtpx:TrackPointExtension>
      <gpxtpx:hr>187</gpxtpx:hr>
      <gpxtpx:cad>78</gpxtpx:cad>
     </gpxtpx:TrackPointExtension>
    </extensions>
   </trkpt>
   <trkpt lat="47.1995730" lon="-1.5681720">
    <ele>19.0</ele>
    <time>2025-04-27T07:23:21Z</time>
    <extensions>
     <power>312</power>
     <gpxtpx:TrackPointExtension>
      <gpxtpx:hr>188</gpxtpx:hr>
      <gpxtpx:cad>78</gpxtpx:cad>
     </gpxtpx:TrackPointExtension>
    </extensions>
   </trkpt>
   <trkpt lat="47.1995730" lon="-1.5681240">
    <ele>19.0</ele>
    <time>2025-04-27T07:23:22Z</time>
    <extensions>
     <power>312</power>
     <gpxtpx:TrackPointExtension>
      <gpxtpx:hr>188</gpxtpx:hr>
      <gpxtpx:cad>78</gpxtpx:cad>
     </gpxtpx:TrackPointExtension>
    </extensions>
   </trkpt>
   <trkpt lat="47.1995730" lon="-1.5680760">
    <ele>19.0</ele>
    <time>2025-04-27T07:23:23Z</time>
    <extensions>
     <power>312</power>
     <gpxtpx:TrackPointExtension>
      <gpxtpx:hr>188</gpxtpx:hr>
      <gpxtpx:cad>78</gpxtpx:cad>
     </gpxtpx:TrackPointExtension>
    </extensions>
   </trkpt>
   <trkpt lat="47.1995720" lon="-1.5680280">
    <ele>19.0</ele>
    <time>2025-04-27T07:23:24Z</time>
    <extensions>
     <power>312</power>
     <gpxtpx:TrackPointExtension>
      <gpxtpx:hr>189</gpxtpx:hr>
      <gpxtpx:cad>78</gpxtpx:cad>
     </gpxtpx:TrackPointExtension>
    </extensions>
   </trkpt>
   <trkpt lat="47.1995720" lon="-1.5679810">
    <ele>19.0</ele>
    <time>2025-04-27T07:23:25Z</time>
    <extensions>
     <power>312</power>
     <gpxtpx:TrackPointExtension>
      <gpxtpx:hr>189</gpxtpx:hr>
      <gpxtpx:cad>78</gpxtpx:cad>
     </gpxtpx:TrackPointExtension>
    </extensions>
   </trkpt>
   <trkpt lat="47.1995710" lon="-1.5679330">
    <ele>19.0</ele>
    <time>2025-04-27T07:23:26Z</time>
    <extensions>
     <power>312</power>
     <gpxtpx:TrackPointExtension>
      <gpxtpx:hr>190</gpxtpx:hr>
      <gpxtpx:cad>78</gpxtpx:cad>
     </gpxtpx:TrackPointExtension>
    </extensions>
   </trkpt>
   <trkpt lat="47.1995710" lon="-1.5678850">
    <ele>19.0</ele>
    <time>2025-04-27T07:23:27Z</time>
    <extensions>
     <power>312</power>
     <gpxtpx:TrackPointExtension>
      <gpxtpx:hr>190</gpxtpx:hr>
      <gpxtpx:cad>77</gpxtpx:cad>
     </gpxtpx:TrackPointExtension>
    </extensions>
   </trkpt>
   <trkpt lat="47.1995710" lon="-1.5678370">
    <ele>19.0</ele>
    <time>2025-04-27T07:23:28Z</time>
    <extensions>
     <power>312</power>
     <gpxtpx:TrackPointExtension>
      <gpxtpx:hr>190</gpxtpx:hr>
      <gpxtpx:cad>77</gpxtpx:cad>
     </gpxtpx:TrackPointExtension>
    </extensions>
   </trkpt>
   <trkpt lat="47.1995710" lon="-1.5677890">
    <ele>19.0</ele>
    <time>2025-04-27T07:23:29Z</time>
    <extensions>
     <power>311</power>
     <gpxtpx:TrackPointExtension>
      <gpxtpx:hr>189</gpxtpx:hr>
      <gpxtpx:cad>77</gpxtpx:cad>
     </gpxtpx:TrackPointExtension>
    </extensions>
   </trkpt>
   <trkpt lat="47.1995710" lon="-1.5677400">
    <ele>19.0</ele>
    <time>2025-04-27T07:23:30Z</time>
    <extensions>
     <power>311</power>
     <gpxtpx:TrackPointExtension>
      <gpxtpx:hr>189</gpxtpx:hr>
      <gpxtpx:cad>77</gpxtpx:cad>
     </gpxtpx:TrackPointExtension>
    </extensions>
   </trkpt>
   <trkpt lat="47.1995710" lon="-1.5676920">
    <ele>18.0</ele>
    <time>2025-04-27T07:23:31Z</time>
    <extensions>
     <power>311</power>
     <gpxtpx:TrackPointExtension>
      <gpxtpx:hr>189</gpxtpx:hr>
      <gpxtpx:cad>77</gpxtpx:cad>
     </gpxtpx:TrackPointExtension>
    </extensions>
   </trkpt>
   <trkpt lat="47.1995710" lon="-1.5676420">
    <ele>18.0</ele>
    <time>2025-04-27T07:23:32Z</time>
    <extensions>
     <power>311</power>
     <gpxtpx:TrackPointExtension>
      <gpxtpx:hr>189</gpxtpx:hr>
      <gpxtpx:cad>78</gpxtpx:cad>
     </gpxtpx:TrackPointExtension>
    </extensions>
   </trkpt>
   <trkpt lat="47.1995710" lon="-1.5675930">
    <ele>18.0</ele>
    <time>2025-04-27T07:23:33Z</time>
    <extensions>
     <power>311</power>
     <gpxtpx:TrackPointExtension>
      <gpxtpx:hr>189</gpxtpx:hr>
      <gpxtpx:cad>78</gpxtpx:cad>
     </gpxtpx:TrackPointExtension>
    </extensions>
   </trkpt>
   <trkpt lat="47.1995710" lon="-1.5675430">
    <ele>18.0</ele>
    <time>2025-04-27T07:23:34Z</time>
    <extensions>
     <power>311</power>
     <gpxtpx:TrackPointExtension>
      <gpxtpx:hr>189</gpxtpx:hr>
      <gpxtpx:cad>78</gpxtpx:cad>
     </gpxtpx:TrackPointExtension>
    </extensions>
   </trkpt>
   <trkpt lat="47.1995700" lon="-1.5674940">
    <ele>18.0</ele>
    <time>2025-04-27T07:23:35Z</time>
    <extensions>
     <power>311</power>
     <gpxtpx:TrackPointExtension>
      <gpxtpx:hr>189</gpxtpx:hr>
      <gpxtpx:cad>78</gpxtpx:cad>
     </gpxtpx:TrackPointExtension>
    </extensions>
   </trkpt>
   <trkpt lat="47.1995700" lon="-1.5674450">
    <ele>18.0</ele>
    <time>2025-04-27T07:23:36Z</time>
    <extensions>
     <power>312</power>
     <gpxtpx:TrackPointExtension>
      <gpxtpx:hr>189</gpxtpx:hr>
      <gpxtpx:cad>78</gpxtpx:cad>
     </gpxtpx:TrackPointExtension>
    </extensions>
   </trkpt>
   <trkpt lat="47.1995690" lon="-1.5673960">
    <ele>18.0</ele>
    <time>2025-04-27T07:23:37Z</time>
    <extensions>
     <power>312</power>
     <gpxtpx:TrackPointExtension>
      <gpxtpx:hr>189</gpxtpx:hr>
      <gpxtpx:cad>78</gpxtpx:cad>
     </gpxtpx:TrackPointExtension>
    </extensions>
   </trkpt>
   <trkpt lat="47.1995680" lon="-1.5673490">
    <ele>18.0</ele>
    <time>2025-04-27T07:23:38Z</time>
    <extensions>
     <power>312</power>
     <gpxtpx:TrackPointExtension>
      <gpxtpx:hr>189</gpxtpx:hr>
      <gpxtpx:cad>78</gpxtpx:cad>
     </gpxtpx:TrackPointExtension>
    </extensions>
   </trkpt>
   <trkpt lat="47.1995680" lon="-1.5673010">
    <ele>18.0</ele>
    <time>2025-04-27T07:23:39Z</time>
    <extensions>
     <power>312</power>
     <gpxtpx:TrackPointExtension>
      <gpxtpx:hr>189</gpxtpx:hr>
      <gpxtpx:cad>78</gpxtpx:cad>
     </gpxtpx:TrackPointExtension>
    </extensions>
   </trkpt>
   <trkpt lat="47.1995680" lon="-1.5672540">
    <ele>18.0</ele>
    <time>2025-04-27T07:23:40Z</time>
    <extensions>
     <power>312</power>
     <gpxtpx:TrackPointExtension>
      <gpxtpx:hr>188</gpxtpx:hr>
      <gpxtpx:cad>78</gpxtpx:cad>
     </gpxtpx:TrackPointExtension>
    </extensions>
   </trkpt>
   <trkpt lat="47.1995670" lon="-1.5672080">
    <ele>18.0</ele>
    <time>2025-04-27T07:23:41Z</time>
    <extensions>
     <power>312</power>
     <gpxtpx:TrackPointExtension>
      <gpxtpx:hr>188</gpxtpx:hr>
      <gpxtpx:cad>78</gpxtpx:cad>
     </gpxtpx:TrackPointExtension>
    </extensions>
   </trkpt>
   <trkpt lat="47.1995670" lon="-1.5671620">
    <ele>18.0</ele>
    <time>2025-04-27T07:23:42Z</time>
    <extensions>
     <power>312</power>
     <gpxtpx:TrackPointExtension>
      <gpxtpx:hr>187</gpxtpx:hr>
      <gpxtpx:cad>78</gpxtpx:cad>
     </gpxtpx:TrackPointExtension>
    </extensions>
   </trkpt>
   <trkpt lat="47.1995680" lon="-1.5671160">
    <ele>18.0</ele>
    <time>2025-04-27T07:23:43Z</time>
    <extensions>
     <power>312</power>
     <gpxtpx:TrackPointExtension>
      <gpxtpx:hr>187</gpxtpx:hr>
      <gpxtpx:cad>77</gpxtpx:cad>
     </gpxtpx:TrackPointExtension>
    </extensions>
   </trkpt>
   <trkpt lat="47.1995680" lon="-1.5670700">
    <ele>18.0</ele>
    <time>2025-04-27T07:23:44Z</time>
    <extensions>
     <power>312</power>
     <gpxtpx:TrackPointExtension>
      <gpxtpx:hr>187</gpxtpx:hr>
      <gpxtpx:cad>77</gpxtpx:cad>
     </gpxtpx:TrackPointExtension>
    </extensions>
   </trkpt>
   <trkpt lat="47.1995690" lon="-1.5670240">
    <ele>18.0</ele>
    <time>2025-04-27T07:23:45Z</time>
    <extensions>
     <power>311</power>
     <gpxtpx:TrackPointExtension>
      <gpxtpx:hr>187</gpxtpx:hr>
      <gpxtpx:cad>76</gpxtpx:cad>
     </gpxtpx:TrackPointExtension>
    </extensions>
   </trkpt>
   <trkpt lat="47.1995690" lon="-1.5669780">
    <ele>18.0</ele>
    <time>2025-04-27T07:23:46Z</time>
    <extensions>
     <power>310</power>
     <gpxtpx:TrackPointExtension>
      <gpxtpx:hr>187</gpxtpx:hr>
      <gpxtpx:cad>76</gpxtpx:cad>
     </gpxtpx:TrackPointExtension>
    </extensions>
   </trkpt>
   <trkpt lat="47.1995700" lon="-1.5669310">
    <ele>18.0</ele>
    <time>2025-04-27T07:23:47Z</time>
    <extensions>
     <power>309</power>
     <gpxtpx:TrackPointExtension>
      <gpxtpx:hr>187</gpxtpx:hr>
      <gpxtpx:cad>76</gpxtpx:cad>
     </gpxtpx:TrackPointExtension>
    </extensions>
   </trkpt>
   <trkpt lat="47.1995700" lon="-1.5668840">
    <ele>18.0</ele>
    <time>2025-04-27T07:23:48Z</time>
    <extensions>
     <power>309</power>
     <gpxtpx:TrackPointExtension>
      <gpxtpx:hr>187</gpxtpx:hr>
      <gpxtpx:cad>76</gpxtpx:cad>
     </gpxtpx:TrackPointExtension>
    </extensions>
   </trkpt>
   <trkpt lat="47.1995700" lon="-1.5668360">
    <ele>18.0</ele>
    <time>2025-04-27T07:23:49Z</time>
    <extensions>
     <power>309</power>
     <gpxtpx:TrackPointExtension>
      <gpxtpx:hr>187</gpxtpx:hr>
      <gpxtpx:cad>76</gpxtpx:cad>
     </gpxtpx:TrackPointExtension>
    </extensions>
   </trkpt>
   <trkpt lat="47.1995700" lon="-1.5667880">
    <ele>18.0</ele>
    <time>2025-04-27T07:23:50Z</time>
    <extensions>
     <power>309</power>
     <gpxtpx:TrackPointExtension>
      <gpxtpx:hr>187</gpxtpx:hr>
      <gpxtpx:cad>76</gpxtpx:cad>
     </gpxtpx:TrackPointExtension>
    </extensions>
   </trkpt>
   <trkpt lat="47.1995700" lon="-1.5667400">
    <ele>18.0</ele>
    <time>2025-04-27T07:23:51Z</time>
    <extensions>
     <power>309</power>
     <gpxtpx:TrackPointExtension>
      <gpxtpx:hr>187</gpxtpx:hr>
      <gpxtpx:cad>77</gpxtpx:cad>
     </gpxtpx:TrackPointExtension>
    </extensions>
   </trkpt>
   <trkpt lat="47.1995700" lon="-1.5666920">
    <ele>18.0</ele>
    <time>2025-04-27T07:23:52Z</time>
    <extensions>
     <power>309</power>
     <gpxtpx:TrackPointExtension>
      <gpxtpx:hr>187</gpxtpx:hr>
      <gpxtpx:cad>77</gpxtpx:cad>
     </gpxtpx:TrackPointExtension>
    </extensions>
   </trkpt>
   <trkpt lat="47.1995700" lon="-1.5666440">
    <ele>18.0</ele>
    <time>2025-04-27T07:23:53Z</time>
    <extensions>
     <power>309</power>
     <gpxtpx:TrackPointExtension>
      <gpxtpx:hr>187</gpxtpx:hr>
      <gpxtpx:cad>78</gpxtpx:cad>
     </gpxtpx:TrackPointExtension>
    </extensions>
   </trkpt>
   <trkpt lat="47.1995700" lon="-1.5665950">
    <ele>18.0</ele>
    <time>2025-04-27T07:23:54Z</time>
    <extensions>
     <power>309</power>
     <gpxtpx:TrackPointExtension>
      <gpxtpx:hr>187</gpxtpx:hr>
      <gpxtpx:cad>78</gpxtpx:cad>
     </gpxtpx:TrackPointExtension>
    </extensions>
   </trkpt>
   <trkpt lat="47.1995700" lon="-1.5665470">
    <ele>18.0</ele>
    <time>2025-04-27T07:23:55Z</time>
    <extensions>
     <power>309</power>
     <gpxtpx:TrackPointExtension>
      <gpxtpx:hr>187</gpxtpx:hr>
      <gpxtpx:cad>78</gpxtpx:cad>
     </gpxtpx:TrackPointExtension>
    </extensions>
   </trkpt>
   <trkpt lat="47.1995700" lon="-1.5664990">
    <ele>18.0</ele>
    <time>2025-04-27T07:23:56Z</time>
    <extensions>
     <power>309</power>
     <gpxtpx:TrackPointExtension>
      <gpxtpx:hr>187</gpxtpx:hr>
      <gpxtpx:cad>78</gpxtpx:cad>
     </gpxtpx:TrackPointExtension>
    </extensions>
   </trkpt>
   <trkpt lat="47.1995710" lon="-1.5664510">
    <ele>18.0</ele>
    <time>2025-04-27T07:23:57Z</time>
    <extensions>
     <power>309</power>
     <gpxtpx:TrackPointExtension>
      <gpxtpx:hr>187</gpxtpx:hr>
      <gpxtpx:cad>78</gpxtpx:cad>
     </gpxtpx:TrackPointExtension>
    </extensions>
   </trkpt>
   <trkpt lat="47.1995710" lon="-1.5664030">
    <ele>18.0</ele>
    <time>2025-04-27T07:23:58Z</time>
    <extensions>
     <power>309</power>
     <gpxtpx:TrackPointExtension>
      <gpxtpx:hr>187</gpxtpx:hr>
      <gpxtpx:cad>78</gpxtpx:cad>
     </gpxtpx:TrackPointExtension>
    </extensions>
   </trkpt>
   <trkpt lat="47.1995710" lon="-1.5663550">
    <ele>18.0</ele>
    <time>2025-04-27T07:23:59Z</time>
    <extensions>
     <power>309</power>
     <gpxtpx:TrackPointExtension>
      <gpxtpx:hr>187</gpxtpx:hr>
      <gpxtpx:cad>78</gpxtpx:cad>
     </gpxtpx:TrackPointExtension>
    </extensions>
   </trkpt>
   <trkpt lat="47.1995710" lon="-1.5663080">
    <ele>18.0</ele>
    <time>2025-04-27T07:24:00Z</time>
    <extensions>
     <power>309</power>
     <gpxtpx:TrackPointExtension>
      <gpxtpx:hr>187</gpxtpx:hr>
      <gpxtpx:cad>78</gpxtpx:cad>
     </gpxtpx:TrackPointExtension>
    </extensions>
   </trkpt>
   <trkpt lat="47.1995720" lon="-1.5662620">
    <ele>18.0</ele>
    <time>2025-04-27T07:24:01Z</time>
    <extensions>
     <power>309</power>
     <gpxtpx:TrackPointExtension>
      <gpxtpx:hr>186</gpxtpx:hr>
      <gpxtpx:cad>77</gpxtpx:cad>
     </gpxtpx:TrackPointExtension>
    </extensions>
   </trkpt>
   <trkpt lat="47.1995720" lon="-1.5662150">
    <ele>18.0</ele>
    <time>2025-04-27T07:24:02Z</time>
    <extensions>
     <power>309</power>
     <gpxtpx:TrackPointExtension>
      <gpxtpx:hr>187</gpxtpx:hr>
      <gpxtpx:cad>77</gpxtpx:cad>
     </gpxtpx:TrackPointExtension>
    </extensions>
   </trkpt>
   <trkpt lat="47.1995720" lon="-1.5661680">
    <ele>18.0</ele>
    <time>2025-04-27T07:24:03Z</time>
    <extensions>
     <power>309</power>
     <gpxtpx:TrackPointExtension>
      <gpxtpx:hr>187</gpxtpx:hr>
      <gpxtpx:cad>77</gpxtpx:cad>
     </gpxtpx:TrackPointExtension>
    </extensions>
   </trkpt>
   <trkpt lat="47.1995730" lon="-1.5661210">
    <ele>18.0</ele>
    <time>2025-04-27T07:24:04Z</time>
    <extensions>
     <power>309</power>
     <gpxtpx:TrackPointExtension>
      <gpxtpx:hr>187</gpxtpx:hr>
      <gpxtpx:cad>77</gpxtpx:cad>
     </gpxtpx:TrackPointExtension>
    </extensions>
   </trkpt>
   <trkpt lat="47.1995730" lon="-1.5660740">
    <ele>19.0</ele>
    <time>2025-04-27T07:24:05Z</time>
    <extensions>
     <power>309</power>
     <gpxtpx:TrackPointExtension>
      <gpxtpx:hr>187</gpxtpx:hr>
      <gpxtpx:cad>77</gpxtpx:cad>
     </gpxtpx:TrackPointExtension>
    </extensions>
   </trkpt>
   <trkpt lat="47.1995730" lon="-1.5660270">
    <ele>19.0</ele>
    <time>2025-04-27T07:24:06Z</time>
    <extensions>
     <power>309</power>
     <gpxtpx:TrackPointExtension>
      <gpxtpx:hr>187</gpxtpx:hr>
      <gpxtpx:cad>77</gpxtpx:cad>
     </gpxtpx:TrackPointExtension>
    </extensions>
   </trkpt>
   <trkpt lat="47.1995730" lon="-1.5659790">
    <ele>19.0</ele>
    <time>2025-04-27T07:24:07Z</time>
    <extensions>
     <power>309</power>
     <gpxtpx:TrackPointExtension>
      <gpxtpx:hr>187</gpxtpx:hr>
      <gpxtpx:cad>77</gpxtpx:cad>
     </gpxtpx:TrackPointExtension>
    </extensions>
   </trkpt>
   <trkpt lat="47.1995730" lon="-1.5659320">
    <ele>19.0</ele>
    <time>2025-04-27T07:24:08Z</time>
    <extensions>
     <power>309</power>
     <gpxtpx:TrackPointExtension>
      <gpxtpx:hr>187</gpxtpx:hr>
      <gpxtpx:cad>77</gpxtpx:cad>
     </gpxtpx:TrackPointExtension>
    </extensions>
   </trkpt>
   <trkpt lat="47.1995730" lon="-1.5658850">
    <ele>19.0</ele>
    <time>2025-04-27T07:24:09Z</time>
    <extensions>
     <power>309</power>
     <gpxtpx:TrackPointExtension>
      <gpxtpx:hr>187</gpxtpx:hr>
      <gpxtpx:cad>77</gpxtpx:cad>
     </gpxtpx:TrackPointExtension>
    </extensions>
   </trkpt>
   <trkpt lat="47.1995730" lon="-1.5658390">
    <ele>19.0</ele>
    <time>2025-04-27T07:24:10Z</time>
    <extensions>
     <power>309</power>
     <gpxtpx:TrackPointExtension>
      <gpxtpx:hr>187</gpxtpx:hr>
      <gpxtpx:cad>77</gpxtpx:cad>
     </gpxtpx:TrackPointExtension>
    </extensions>
   </trkpt>
   <trkpt lat="47.1995730" lon="-1.5657920">
    <ele>19.0</ele>
    <time>2025-04-27T07:24:11Z</time>
    <extensions>
     <power>308</power>
     <gpxtpx:TrackPointExtension>
      <gpxtpx:hr>187</gpxtpx:hr>
      <gpxtpx:cad>77</gpxtpx:cad>
     </gpxtpx:TrackPointExtension>
    </extensions>
   </trkpt>
   <trkpt lat="47.1995730" lon="-1.5657450">
    <ele>19.0</ele>
    <time>2025-04-27T07:24:12Z</time>
    <extensions>
     <power>308</power>
     <gpxtpx:TrackPointExtension>
      <gpxtpx:hr>187</gpxtpx:hr>
      <gpxtpx:cad>77</gpxtpx:cad>
     </gpxtpx:TrackPointExtension>
    </extensions>
   </trkpt>
   <trkpt lat="47.1995730" lon="-1.5656990">
    <ele>19.0</ele>
    <time>2025-04-27T07:24:13Z</time>
    <extensions>
     <power>308</power>
     <gpxtpx:TrackPointExtension>
      <gpxtpx:hr>187</gpxtpx:hr>
      <gpxtpx:cad>77</gpxtpx:cad>
     </gpxtpx:TrackPointExtension>
    </extensions>
   </trkpt>
   <trkpt lat="47.1995730" lon="-1.5656510">
    <ele>19.0</ele>
    <time>2025-04-27T07:24:14Z</time>
    <extensions>
     <power>308</power>
     <gpxtpx:TrackPointExtension>
      <gpxtpx:hr>186</gpxtpx:hr>
      <gpxtpx:cad>77</gpxtpx:cad>
     </gpxtpx:TrackPointExtension>
    </extensions>
   </trkpt>
   <trkpt lat="47.1995730" lon="-1.5656040">
    <ele>19.0</ele>
    <time>2025-04-27T07:24:15Z</time>
    <extensions>
     <power>308</power>
     <gpxtpx:TrackPointExtension>
      <gpxtpx:hr>186</gpxtpx:hr>
      <gpxtpx:cad>77</gpxtpx:cad>
     </gpxtpx:TrackPointExtension>
    </extensions>
   </trkpt>
   <trkpt lat="47.1995730" lon="-1.5655550">
    <ele>19.0</ele>
    <time>2025-04-27T07:24:16Z</time>
    <extensions>
     <power>308</power>
     <gpxtpx:TrackPointExtension>
      <gpxtpx:hr>186</gpxtpx:hr>
      <gpxtpx:cad>78</gpxtpx:cad>
     </gpxtpx:TrackPointExtension>
    </extensions>
   </trkpt>
   <trkpt lat="47.1995730" lon="-1.5655070">
    <ele>19.0</ele>
    <time>2025-04-27T07:24:17Z</time>
    <extensions>
     <power>308</power>
     <gpxtpx:TrackPointExtension>
      <gpxtpx:hr>186</gpxtpx:hr>
      <gpxtpx:cad>78</gpxtpx:cad>
     </gpxtpx:TrackPointExtension>
    </extensions>
   </trkpt>
   <trkpt lat="47.1995730" lon="-1.5654570">
    <ele>19.0</ele>
    <time>2025-04-27T07:24:18Z</time>
    <extensions>
     <power>308</power>
     <gpxtpx:TrackPointExtension>
      <gpxtpx:hr>186</gpxtpx:hr>
      <gpxtpx:cad>78</gpxtpx:cad>
     </gpxtpx:TrackPointExtension>
    </extensions>
   </trkpt>
   <trkpt lat="47.1995740" lon="-1.5654080">
    <ele>19.0</ele>
    <time>2025-04-27T07:24:19Z</time>
    <extensions>
     <power>308</power>
     <gpxtpx:TrackPointExtension>
      <gpxtpx:hr>186</gpxtpx:hr>
      <gpxtpx:cad>78</gpxtpx:cad>
     </gpxtpx:TrackPointExtension>
    </extensions>
   </trkpt>
   <trkpt lat="47.1995760" lon="-1.5653590">
    <ele>19.0</ele>
    <time>2025-04-27T07:24:20Z</time>
    <extensions>
     <power>308</power>
     <gpxtpx:TrackPointExtension>
      <gpxtpx:hr>186</gpxtpx:hr>
      <gpxtpx:cad>78</gpxtpx:cad>
     </gpxtpx:TrackPointExtension>
    </extensions>
   </trkpt>
   <trkpt lat="47.1995790" lon="-1.5653100">
    <ele>19.0</ele>
    <time>2025-04-27T07:24:21Z</time>
    <extensions>
     <power>308</power>
     <gpxtpx:TrackPointExtension>
      <gpxtpx:hr>186</gpxtpx:hr>
      <gpxtpx:cad>78</gpxtpx:cad>
     </gpxtpx:TrackPointExtension>
    </extensions>
   </trkpt>
   <trkpt lat="47.1995860" lon="-1.5652610">
    <ele>19.0</ele>
    <time>2025-04-27T07:24:22Z</time>
    <extensions>
     <power>308</power>
     <gpxtpx:TrackPointExtension>
      <gpxtpx:hr>186</gpxtpx:hr>
      <gpxtpx:cad>78</gpxtpx:cad>
     </gpxtpx:TrackPointExtension>
    </extensions>
   </trkpt>
   <trkpt lat="47.1995930" lon="-1.5652130">
    <ele>19.0</ele>
    <time>2025-04-27T07:24:23Z</time>
    <extensions>
     <power>308</power>
     <gpxtpx:TrackPointExtension>
      <gpxtpx:hr>186</gpxtpx:hr>
      <gpxtpx:cad>78</gpxtpx:cad>
     </gpxtpx:TrackPointExtension>
    </extensions>
   </trkpt>
   <trkpt lat="47.1996060" lon="-1.5651660">
    <ele>19.0</ele>
    <time>2025-04-27T07:24:24Z</time>
    <extensions>
     <power>309</power>
     <gpxtpx:TrackPointExtension>
      <gpxtpx:hr>185</gpxtpx:hr>
      <gpxtpx:cad>78</gpxtpx:cad>
     </gpxtpx:TrackPointExtension>
    </extensions>
   </trkpt>
   <trkpt lat="47.1996180" lon="-1.5651200">
    <ele>19.0</ele>
    <time>2025-04-27T07:24:25Z</time>
    <extensions>
     <power>309</power>
     <gpxtpx:TrackPointExtension>
      <gpxtpx:hr>185</gpxtpx:hr>
      <gpxtpx:cad>78</gpxtpx:cad>
     </gpxtpx:TrackPointExtension>
    </extensions>
   </trkpt>
   <trkpt lat="47.1996340" lon="-1.5650750">
    <ele>19.0</ele>
    <time>2025-04-27T07:24:26Z</time>
    <extensions>
     <power>309</power>
     <gpxtpx:TrackPointExtension>
      <gpxtpx:hr>185</gpxtpx:hr>
      <gpxtpx:cad>78</gpxtpx:cad>
     </gpxtpx:TrackPointExtension>
    </extensions>
   </trkpt>
   <trkpt lat="47.1996490" lon="-1.5650310">
    <ele>19.0</ele>
    <time>2025-04-27T07:24:27Z</time>
    <extensions>
     <power>309</power>
     <gpxtpx:TrackPointExtension>
      <gpxtpx:hr>186</gpxtpx:hr>
      <gpxtpx:cad>78</gpxtpx:cad>
     </gpxtpx:TrackPointExtension>
    </extensions>
   </trkpt>
   <trkpt lat="47.1996670" lon="-1.5649870">
    <ele>19.0</ele>
    <time>2025-04-27T07:24:28Z</time>
    <extensions>
     <power>309</power>
     <gpxtpx:TrackPointExtension>
      <gpxtpx:hr>186</gpxtpx:hr>
      <gpxtpx:cad>78</gpxtpx:cad>
     </gpxtpx:TrackPointExtension>
    </extensions>
   </trkpt>
   <trkpt lat="47.1996840" lon="-1.5649430">
    <ele>19.0</ele>
    <time>2025-04-27T07:24:29Z</time>
    <extensions>
     <power>309</power>
     <gpxtpx:TrackPointExtension>
      <gpxtpx:hr>186</gpxtpx:hr>
      <gpxtpx:cad>78</gpxtpx:cad>
     </gpxtpx:TrackPointExtension>
    </extensions>
   </trkpt>
   <trkpt lat="47.1997010" lon="-1.5649000">
    <ele>19.0</ele>
    <time>2025-04-27T07:24:30Z</time>
    <extensions>
     <power>310</power>
     <gpxtpx:TrackPointExtension>
      <gpxtpx:hr>186</gpxtpx:hr>
      <gpxtpx:cad>78</gpxtpx:cad>
     </gpxtpx:TrackPointExtension>
    </extensions>
   </trkpt>
   <trkpt lat="47.1997180" lon="-1.5648570">
    <ele>19.0</ele>
    <time>2025-04-27T07:24:31Z</time>
    <extensions>
     <power>310</power>
     <gpxtpx:TrackPointExtension>
      <gpxtpx:hr>186</gpxtpx:hr>
      <gpxtpx:cad>78</gpxtpx:cad>
     </gpxtpx:TrackPointExtension>
    </extensions>
   </trkpt>
   <trkpt lat="47.1997330" lon="-1.5648140">
    <ele>19.0</ele>
    <time>2025-04-27T07:24:32Z</time>
    <extensions>
     <power>310</power>
     <gpxtpx:TrackPointExtension>
      <gpxtpx:hr>186</gpxtpx:hr>
      <gpxtpx:cad>78</gpxtpx:cad>
     </gpxtpx:TrackPointExtension>
    </extensions>
   </trkpt>
   <trkpt lat="47.1997490" lon="-1.5647710">
    <ele>19.0</ele>
    <time>2025-04-27T07:24:33Z</time>
    <extensions>
     <power>310</power>
     <gpxtpx:TrackPointExtension>
      <gpxtpx:hr>186</gpxtpx:hr>
      <gpxtpx:cad>78</gpxtpx:cad>
     </gpxtpx:TrackPointExtension>
    </extensions>
   </trkpt>
   <trkpt lat="47.1997620" lon="-1.5647270">
    <ele>19.0</ele>
    <time>2025-04-27T07:24:34Z</time>
    <extensions>
     <power>310</power>
     <gpxtpx:TrackPointExtension>
      <gpxtpx:hr>186</gpxtpx:hr>
      <gpxtpx:cad>78</gpxtpx:cad>
     </gpxtpx:TrackPointExtension>
    </extensions>
   </trkpt>
   <trkpt lat="47.1997760" lon="-1.5646840">
    <ele>19.0</ele>
    <time>2025-04-27T07:24:35Z</time>
    <extensions>
     <power>310</power>
     <gpxtpx:TrackPointExtension>
      <gpxtpx:hr>186</gpxtpx:hr>
      <gpxtpx:cad>77</gpxtpx:cad>
     </gpxtpx:TrackPointExtension>
    </extensions>
   </trkpt>
   <trkpt lat="47.1997880" lon="-1.5646390">
    <ele>19.0</ele>
    <time>2025-04-27T07:24:36Z</time>
    <extensions>
     <power>311</power>
     <gpxtpx:TrackPointExtension>
      <gpxtpx:hr>186</gpxtpx:hr>
      <gpxtpx:cad>77</gpxtpx:cad>
     </gpxtpx:TrackPointExtension>
    </extensions>
   </trkpt>
   <trkpt lat="47.1997990" lon="-1.5645940">
    <ele>19.0</ele>
    <time>2025-04-27T07:24:37Z</time>
    <extensions>
     <power>311</power>
     <gpxtpx:TrackPointExtension>
      <gpxtpx:hr>186</gpxtpx:hr>
      <gpxtpx:cad>77</gpxtpx:cad>
     </gpxtpx:TrackPointExtension>
    </extensions>
   </trkpt>
   <trkpt lat="47.1998090" lon="-1.5645470">
    <ele>19.0</ele>
    <time>2025-04-27T07:24:38Z</time>
    <extensions>
     <power>311</power>
     <gpxtpx:TrackPointExtension>
      <gpxtpx:hr>187</gpxtpx:hr>
      <gpxtpx:cad>77</gpxtpx:cad>
     </gpxtpx:TrackPointExtension>
    </extensions>
   </trkpt>
   <trkpt lat="47.1998180" lon="-1.5645000">
    <ele>19.0</ele>
    <time>2025-04-27T07:24:39Z</time>
    <extensions>
     <power>311</power>
     <gpxtpx:TrackPointExtension>
      <gpxtpx:hr>187</gpxtpx:hr>
      <gpxtpx:cad>77</gpxtpx:cad>
     </gpxtpx:TrackPointExtension>
    </extensions>
   </trkpt>
   <trkpt lat="47.1998250" lon="-1.5644510">
    <ele>19.0</ele>
    <time>2025-04-27T07:24:40Z</time>
    <extensions>
     <power>311</power>
     <gpxtpx:TrackPointExtension>
      <gpxtpx:hr>187</gpxtpx:hr>
      <gpxtpx:cad>77</gpxtpx:cad>
     </gpxtpx:TrackPointExtension>
    </extensions>
   </trkpt>
   <trkpt lat="47.1998310" lon="-1.5644030">
    <ele>19.0</ele>
    <time>2025-04-27T07:24:41Z</time>
    <extensions>
     <power>311</power>
     <gpxtpx:TrackPointExtension>
      <gpxtpx:hr>187</gpxtpx:hr>
      <gpxtpx:cad>77</gpxtpx:cad>
     </gpxtpx:TrackPointExtension>
    </extensions>
   </trkpt>
   <trkpt lat="47.1998350" lon="-1.5643520">
    <ele>19.0</ele>
    <time>2025-04-27T07:24:42Z</time>
    <extensions>
     <power>311</power>
     <gpxtpx:TrackPointExtension>
      <gpxtpx:hr>188</gpxtpx:hr>
      <gpxtpx:cad>78</gpxtpx:cad>
     </gpxtpx:TrackPointExtension>
    </extensions>
   </trkpt>
   <trkpt lat="47.1998390" lon="-1.5643020">
    <ele>19.0</ele>
    <time>2025-04-27T07:24:43Z</time>
    <extensions>
     <power>311</power>
     <gpxtpx:TrackPointExtension>
      <gpxtpx:hr>188</gpxtpx:hr>
      <gpxtpx:cad>78</gpxtpx:cad>
     </gpxtpx:TrackPointExtension>
    </extensions>
   </trkpt>
   <trkpt lat="47.1998400" lon="-1.5642500">
    <ele>19.0</ele>
    <time>2025-04-27T07:24:44Z</time>
    <extensions>
     <power>311</power>
     <gpxtpx:TrackPointExtension>
      <gpxtpx:hr>189</gpxtpx:hr>
      <gpxtpx:cad>78</gpxtpx:cad>
     </gpxtpx:TrackPointExtension>
    </extensions>
   </trkpt>
   <trkpt lat="47.1998420" lon="-1.5641990">
    <ele>19.0</ele>
    <time>2025-04-27T07:24:45Z</time>
    <extensions>
     <power>311</power>
     <gpxtpx:TrackPointExtension>
      <gpxtpx:hr>189</gpxtpx:hr>
      <gpxtpx:cad>78</gpxtpx:cad>
     </gpxtpx:TrackPointExtension>
    </extensions>
   </trkpt>
   <trkpt lat="47.1998430" lon="-1.5641470">
    <ele>19.0</ele>
    <time>2025-04-27T07:24:46Z</time>
    <extensions>
     <power>311</power>
     <gpxtpx:TrackPointExtension>
      <gpxtpx:hr>189</gpxtpx:hr>
      <gpxtpx:cad>78</gpxtpx:cad>
     </gpxtpx:TrackPointExtension>
    </extensions>
   </trkpt>
   <trkpt lat="47.1998430" lon="-1.5640960">
    <ele>19.0</ele>
    <time>2025-04-27T07:24:47Z</time>
    <extensions>
     <power>311</power>
     <gpxtpx:TrackPointExtension>
      <gpxtpx:hr>190</gpxtpx:hr>
      <gpxtpx:cad>78</gpxtpx:cad>
     </gpxtpx:TrackPointExtension>
    </extensions>
   </trkpt>
   <trkpt lat="47.1998430" lon="-1.5640460">
    <ele>19.0</ele>
    <time>2025-04-27T07:24:48Z</time>
    <extensions>
     <power>312</power>
     <gpxtpx:TrackPointExtension>
      <gpxtpx:hr>190</gpxtpx:hr>
      <gpxtpx:cad>79</gpxtpx:cad>
     </gpxtpx:TrackPointExtension>
    </extensions>
   </trkpt>
   <trkpt lat="47.1998420" lon="-1.5639970">
    <ele>19.0</ele>
    <time>2025-04-27T07:24:49Z</time>
    <extensions>
     <power>312</power>
     <gpxtpx:TrackPointExtension>
      <gpxtpx:hr>191</gpxtpx:hr>
      <gpxtpx:cad>78</gpxtpx:cad>
     </gpxtpx:TrackPointExtension>
    </extensions>
   </trkpt>
   <trkpt lat="47.1998410" lon="-1.5639480">
    <ele>19.0</ele>
    <time>2025-04-27T07:24:50Z</time>
    <extensions>
     <power>312</power>
     <gpxtpx:TrackPointExtension>
      <gpxtpx:hr>191</gpxtpx:hr>
      <gpxtpx:cad>78</gpxtpx:cad>
     </gpxtpx:TrackPointExtension>
    </extensions>
   </trkpt>
   <trkpt lat="47.1998400" lon="-1.5638990">
    <ele>19.0</ele>
    <time>2025-04-27T07:24:51Z</time>
    <extensions>
     <power>313</power>
     <gpxtpx:TrackPointExtension>
      <gpxtpx:hr>191</gpxtpx:hr>
      <gpxtpx:cad>78</gpxtpx:cad>
     </gpxtpx:TrackPointExtension>
    </extensions>
   </trkpt>
   <trkpt lat="47.1998390" lon="-1.5638510">
    <ele>19.0</ele>
    <time>2025-04-27T07:24:52Z</time>
    <extensions>
     <power>314</power>
     <gpxtpx:TrackPointExtension>
      <gpxtpx:hr>191</gpxtpx:hr>
      <gpxtpx:cad>78</gpxtpx:cad>
     </gpxtpx:TrackPointExtension>
    </extensions>
   </trkpt>
   <trkpt lat="47.1998380" lon="-1.5638020">
    <ele>19.0</ele>
    <time>2025-04-27T07:24:53Z</time>
    <extensions>
     <power>314</power>
     <gpxtpx:TrackPointExtension>
      <gpxtpx:hr>191</gpxtpx:hr>
      <gpxtpx:cad>78</gpxtpx:cad>
     </gpxtpx:TrackPointExtension>
    </extensions>
   </trkpt>
   <trkpt lat="47.1998360" lon="-1.5637530">
    <ele>19.0</ele>
    <time>2025-04-27T07:24:54Z</time>
    <extensions>
     <power>314</power>
     <gpxtpx:TrackPointExtension>
      <gpxtpx:hr>191</gpxtpx:hr>
      <gpxtpx:cad>78</gpxtpx:cad>
     </gpxtpx:TrackPointExtension>
    </extensions>
   </trkpt>
   <trkpt lat="47.1998350" lon="-1.5637040">
    <ele>19.0</ele>
    <time>2025-04-27T07:24:55Z</time>
    <extensions>
     <power>314</power>
     <gpxtpx:TrackPointExtension>
      <gpxtpx:hr>191</gpxtpx:hr>
      <gpxtpx:cad>77</gpxtpx:cad>
     </gpxtpx:TrackPointExtension>
    </extensions>
   </trkpt>
   <trkpt lat="47.1998340" lon="-1.5636550">
    <ele>19.0</ele>
    <time>2025-04-27T07:24:56Z</time>
    <extensions>
     <power>314</power>
     <gpxtpx:TrackPointExtension>
      <gpxtpx:hr>191</gpxtpx:hr>
      <gpxtpx:cad>77</gpxtpx:cad>
     </gpxtpx:TrackPointExtension>
    </extensions>
   </trkpt>
   <trkpt lat="47.1998340" lon="-1.5636060">
    <ele>19.0</ele>
    <time>2025-04-27T07:24:57Z</time>
    <extensions>
     <power>314</power>
     <gpxtpx:TrackPointExtension>
      <gpxtpx:hr>191</gpxtpx:hr>
      <gpxtpx:cad>77</gpxtpx:cad>
     </gpxtpx:TrackPointExtension>
    </extensions>
   </trkpt>
   <trkpt lat="47.1998330" lon="-1.5635570">
    <ele>19.0</ele>
    <time>2025-04-27T07:24:58Z</time>
    <extensions>
     <power>314</power>
     <gpxtpx:TrackPointExtension>
      <gpxtpx:hr>191</gpxtpx:hr>
      <gpxtpx:cad>78</gpxtpx:cad>
     </gpxtpx:TrackPointExtension>
    </extensions>
   </trkpt>
   <trkpt lat="47.1998320" lon="-1.5635070">
    <ele>19.0</ele>
    <time>2025-04-27T07:24:59Z</time>
    <extensions>
     <power>313</power>
     <gpxtpx:TrackPointExtension>
      <gpxtpx:hr>191</gpxtpx:hr>
      <gpxtpx:cad>78</gpxtpx:cad>
     </gpxtpx:TrackPointExtension>
    </extensions>
   </trkpt>
   <trkpt lat="47.1998320" lon="-1.5634570">
    <ele>19.0</ele>
    <time>2025-04-27T07:25:00Z</time>
    <extensions>
     <power>313</power>
     <gpxtpx:TrackPointExtension>
      <gpxtpx:hr>191</gpxtpx:hr>
      <gpxtpx:cad>78</gpxtpx:cad>
     </gpxtpx:TrackPointExtension>
    </extensions>
   </trkpt>
   <trkpt lat="47.1998310" lon="-1.5634060">
    <ele>19.0</ele>
    <time>2025-04-27T07:25:01Z</time>
    <extensions>
     <power>313</power>
     <gpxtpx:TrackPointExtension>
      <gpxtpx:hr>191</gpxtpx:hr>
      <gpxtpx:cad>78</gpxtpx:cad>
     </gpxtpx:TrackPointExtension>
    </extensions>
   </trkpt>
   <trkpt lat="47.1998290" lon="-1.5633560">
    <ele>19.0</ele>
    <time>2025-04-27T07:25:02Z</time>
    <extensions>
     <power>313</power>
     <gpxtpx:TrackPointExtension>
      <gpxtpx:hr>190</gpxtpx:hr>
      <gpxtpx:cad>78</gpxtpx:cad>
     </gpxtpx:TrackPointExtension>
    </extensions>
   </trkpt>
   <trkpt lat="47.1998280" lon="-1.5633060">
    <ele>19.0</ele>
    <time>2025-04-27T07:25:03Z</time>
    <extensions>
     <power>313</power>
     <gpxtpx:TrackPointExtension>
      <gpxtpx:hr>190</gpxtpx:hr>
      <gpxtpx:cad>78</gpxtpx:cad>
     </gpxtpx:TrackPointExtension>
    </extensions>
   </trkpt>
   <trkpt lat="47.1998270" lon="-1.5632570">
    <ele>19.0</ele>
    <time>2025-04-27T07:25:04Z</time>
    <extensions>
     <power>314</power>
     <gpxtpx:TrackPointExtension>
      <gpxtpx:hr>189</gpxtpx:hr>
      <gpxtpx:cad>78</gpxtpx:cad>
     </gpxtpx:TrackPointExtension>
    </extensions>
   </trkpt>
   <trkpt lat="47.1998270" lon="-1.5632080">
    <ele>19.0</ele>
    <time>2025-04-27T07:25:05Z</time>
    <extensions>
     <power>314</power>
     <gpxtpx:TrackPointExtension>
      <gpxtpx:hr>189</gpxtpx:hr>
      <gpxtpx:cad>78</gpxtpx:cad>
     </gpxtpx:TrackPointExtension>
    </extensions>
   </trkpt>
   <trkpt lat="47.1998260" lon="-1.5631590">
    <ele>19.0</ele>
    <time>2025-04-27T07:25:06Z</time>
    <extensions>
     <power>314</power>
     <gpxtpx:TrackPointExtension>
      <gpxtpx:hr>188</gpxtpx:hr>
      <gpxtpx:cad>78</gpxtpx:cad>
     </gpxtpx:TrackPointExtension>
    </extensions>
   </trkpt>
   <trkpt lat="47.1998260" lon="-1.5631100">
    <ele>19.0</ele>
    <time>2025-04-27T07:25:07Z</time>
    <extensions>
     <power>314</power>
     <gpxtpx:TrackPointExtension>
      <gpxtpx:hr>188</gpxtpx:hr>
      <gpxtpx:cad>78</gpxtpx:cad>
     </gpxtpx:TrackPointExtension>
    </extensions>
   </trkpt>
   <trkpt lat="47.1998280" lon="-1.5630590">
    <ele>19.0</ele>
    <time>2025-04-27T07:25:08Z</time>
    <extensions>
     <power>314</power>
     <gpxtpx:TrackPointExtension>
      <gpxtpx:hr>188</gpxtpx:hr>
      <gpxtpx:cad>78</gpxtpx:cad>
     </gpxtpx:TrackPointExtension>
    </extensions>
   </trkpt>
   <trkpt lat="47.1998290" lon="-1.5630080">
    <ele>19.0</ele>
    <time>2025-04-27T07:25:09Z</time>
    <extensions>
     <power>314</power>
     <gpxtpx:TrackPointExtension>
      <gpxtpx:hr>187</gpxtpx:hr>
      <gpxtpx:cad>78</gpxtpx:cad>
     </gpxtpx:TrackPointExtension>
    </extensions>
   </trkpt>
   <trkpt lat="47.1998310" lon="-1.5629570">
    <ele>19.0</ele>
    <time>2025-04-27T07:25:10Z</time>
    <extensions>
     <power>314</power>
     <gpxtpx:TrackPointExtension>
      <gpxtpx:hr>187</gpxtpx:hr>
      <gpxtpx:cad>78</gpxtpx:cad>
     </gpxtpx:TrackPointExtension>
    </extensions>
   </trkpt>
   <trkpt lat="47.1998330" lon="-1.5629060">
    <ele>19.0</ele>
    <time>2025-04-27T07:25:11Z</time>
    <extensions>
     <power>314</power>
     <gpxtpx:TrackPointExtension>
      <gpxtpx:hr>187</gpxtpx:hr>
      <gpxtpx:cad>78</gpxtpx:cad>
     </gpxtpx:TrackPointExtension>
    </extensions>
   </trkpt>
   <trkpt lat="47.1998340" lon="-1.5628540">
    <ele>19.0</ele>
    <time>2025-04-27T07:25:12Z</time>
    <extensions>
     <power>314</power>
     <gpxtpx:TrackPointExtension>
      <gpxtpx:hr>187</gpxtpx:hr>
      <gpxtpx:cad>78</gpxtpx:cad>
     </gpxtpx:TrackPointExtension>
    </extensions>
   </trkpt>
   <trkpt lat="47.1998350" lon="-1.5628030">
    <ele>19.0</ele>
    <time>2025-04-27T07:25:13Z</time>
    <extensions>
     <power>314</power>
     <gpxtpx:TrackPointExtension>
      <gpxtpx:hr>186</gpxtpx:hr>
      <gpxtpx:cad>78</gpxtpx:cad>
     </gpxtpx:TrackPointExtension>
    </extensions>
   </trkpt>
   <trkpt lat="47.1998360" lon="-1.5627510">
    <ele>19.0</ele>
    <time>2025-04-27T07:25:14Z</time>
    <extensions>
     <power>314</power>
     <gpxtpx:TrackPointExtension>
      <gpxtpx:hr>186</gpxtpx:hr>
      <gpxtpx:cad>79</gpxtpx:cad>
     </gpxtpx:TrackPointExtension>
    </extensions>
   </trkpt>
   <trkpt lat="47.1998370" lon="-1.5627000">
    <ele>19.0</ele>
    <time>2025-04-27T07:25:15Z</time>
    <extensions>
     <power>314</power>
     <gpxtpx:TrackPointExtension>
      <gpxtpx:hr>185</gpxtpx:hr>
      <gpxtpx:cad>79</gpxtpx:cad>
     </gpxtpx:TrackPointExtension>
    </extensions>
   </trkpt>
   <trkpt lat="47.1998400" lon="-1.5626480">
    <ele>19.0</ele>
    <time>2025-04-27T07:25:16Z</time>
    <extensions>
     <power>315</power>
     <gpxtpx:TrackPointExtension>
      <gpxtpx:hr>185</gpxtpx:hr>
      <gpxtpx:cad>79</gpxtpx:cad>
     </gpxtpx:TrackPointExtension>
    </extensions>
   </trkpt>
   <trkpt lat="47.1998420" lon="-1.5625970">
    <ele>19.0</ele>
    <time>2025-04-27T07:25:17Z</time>
    <extensions>
     <power>315</power>
     <gpxtpx:TrackPointExtension>
      <gpxtpx:hr>185</gpxtpx:hr>
      <gpxtpx:cad>79</gpxtpx:cad>
     </gpxtpx:TrackPointExtension>
    </extensions>
   </trkpt>
   <trkpt lat="47.1998470" lon="-1.5625460">
    <ele>19.0</ele>
    <time>2025-04-27T07:25:18Z</time>
    <extensions>
     <power>316</power>
     <gpxtpx:TrackPointExtension>
      <gpxtpx:hr>185</gpxtpx:hr>
      <gpxtpx:cad>79</gpxtpx:cad>
     </gpxtpx:TrackPointExtension>
    </extensions>
   </trkpt>
   <trkpt lat="47.1998520" lon="-1.5624950">
    <ele>19.0</ele>
    <time>2025-04-27T07:25:19Z</time>
    <extensions>
     <power>316</power>
     <gpxtpx:TrackPointExtension>
      <gpxtpx:hr>185</gpxtpx:hr>
      <gpxtpx:cad>79</gpxtpx:cad>
     </gpxtpx:TrackPointExtension>
    </extensions>
   </trkpt>
   <trkpt lat="47.1998590" lon="-1.5624450">
    <ele>19.0</ele>
    <time>2025-04-27T07:25:20Z</time>
    <extensions>
     <power>317</power>
     <gpxtpx:TrackPointExtension>
      <gpxtpx:hr>185</gpxtpx:hr>
      <gpxtpx:cad>79</gpxtpx:cad>
     </gpxtpx:TrackPointExtension>
    </extensions>
   </trkpt>
   <trkpt lat="47.1998670" lon="-1.5623950">
    <ele>19.0</ele>
    <time>2025-04-27T07:25:21Z</time>
    <extensions>
     <power>317</power>
     <gpxtpx:TrackPointExtension>
      <gpxtpx:hr>185</gpxtpx:hr>
      <gpxtpx:cad>79</gpxtpx:cad>
     </gpxtpx:TrackPointExtension>
    </extensions>
   </trkpt>
   <trkpt lat="47.1998770" lon="-1.5623490">
    <ele>19.0</ele>
    <time>2025-04-27T07:25:22Z</time>
    <extensions>
     <power>318</power>
     <gpxtpx:TrackPointExtension>
      <gpxtpx:hr>185</gpxtpx:hr>
      <gpxtpx:cad>79</gpxtpx:cad>
     </gpxtpx:TrackPointExtension>
    </extensions>
   </trkpt>
   <trkpt lat="47.1998870" lon="-1.5623020">
    <ele>19.0</ele>
    <time>2025-04-27T07:25:23Z</time>
    <extensions>
     <power>318</power>
     <gpxtpx:TrackPointExtension>
      <gpxtpx:hr>184</gpxtpx:hr>
      <gpxtpx:cad>79</gpxtpx:cad>
     </gpxtpx:TrackPointExtension>
    </extensions>
   </trkpt>
   <trkpt lat="47.1998990" lon="-1.5622580">
    <ele>19.0</ele>
    <time>2025-04-27T07:25:24Z</time>
    <extensions>
     <power>318</power>
     <gpxtpx:TrackPointExtension>
      <gpxtpx:hr>185</gpxtpx:hr>
      <gpxtpx:cad>79</gpxtpx:cad>
     </gpxtpx:TrackPointExtension>
    </extensions>
   </trkpt>
   <trkpt lat="47.1999120" lon="-1.5622130">
    <ele>19.0</ele>
    <time>2025-04-27T07:25:25Z</time>
    <extensions>
     <power>318</power>
     <gpxtpx:TrackPointExtension>
      <gpxtpx:hr>184</gpxtpx:hr>
      <gpxtpx:cad>78</gpxtpx:cad>
     </gpxtpx:TrackPointExtension>
    </extensions>
   </trkpt>
   <trkpt lat="47.1999260" lon="-1.5621720">
    <ele>19.0</ele>
    <time>2025-04-27T07:25:26Z</time>
    <extensions>
     <power>318</power>
     <gpxtpx:TrackPointExtension>
      <gpxtpx:hr>184</gpxtpx:hr>
      <gpxtpx:cad>78</gpxtpx:cad>
     </gpxtpx:TrackPointExtension>
    </extensions>
   </trkpt>
   <trkpt lat="47.1999400" lon="-1.5621300">
    <ele>19.0</ele>
    <time>2025-04-27T07:25:27Z</time>
    <extensions>
     <power>318</power>
     <gpxtpx:TrackPointExtension>
      <gpxtpx:hr>184</gpxtpx:hr>
      <gpxtpx:cad>78</gpxtpx:cad>
     </gpxtpx:TrackPointExtension>
    </extensions>
   </trkpt>
   <trkpt lat="47.1999490" lon="-1.5620890">
    <ele>19.0</ele>
    <time>2025-04-27T07:25:28Z</time>
    <extensions>
     <power>318</power>
     <gpxtpx:TrackPointExtension>
      <gpxtpx:hr>184</gpxtpx:hr>
      <gpxtpx:cad>78</gpxtpx:cad>
     </gpxtpx:TrackPointExtension>
    </extensions>
   </trkpt>
   <trkpt lat="47.1999590" lon="-1.5620480">
    <ele>19.0</ele>
    <time>2025-04-27T07:25:29Z</time>
    <extensions>
     <power>317</power>
     <gpxtpx:TrackPointExtension>
      <gpxtpx:hr>185</gpxtpx:hr>
      <gpxtpx:cad>78</gpxtpx:cad>
     </gpxtpx:TrackPointExtension>
    </extensions>
   </trkpt>
   <trkpt lat="47.1999630" lon="-1.5620040">
    <ele>19.0</ele>
    <time>2025-04-27T07:25:30Z</time>
    <extensions>
     <power>316</power>
     <gpxtpx:TrackPointExtension>
      <gpxtpx:hr>185</gpxtpx:hr>
      <gpxtpx:cad>78</gpxtpx:cad>
     </gpxtpx:TrackPointExtension>
    </extensions>
   </trkpt>
   <trkpt lat="47.1999670" lon="-1.5619610">
    <ele>19.0</ele>
    <time>2025-04-27T07:25:31Z</time>
    <extensions>
     <power>315</power>
     <gpxtpx:TrackPointExtension>
      <gpxtpx:hr>184</gpxtpx:hr>
      <gpxtpx:cad>78</gpxtpx:cad>
     </gpxtpx:TrackPointExtension>
    </extensions>
   </trkpt>
   <trkpt lat="47.1999680" lon="-1.5619130">
    <ele>19.0</ele>
    <time>2025-04-27T07:25:32Z</time>
    <extensions>
     <power>314</power>
     <gpxtpx:TrackPointExtension>
      <gpxtpx:hr>184</gpxtpx:hr>
      <gpxtpx:cad>78</gpxtpx:cad>
     </gpxtpx:TrackPointExtension>
    </extensions>
   </trkpt>
   <trkpt lat="47.1999700" lon="-1.5618650">
    <ele>19.0</ele>
    <time>2025-04-27T07:25:33Z</time>
    <extensions>
     <power>313</power>
     <gpxtpx:TrackPointExtension>
      <gpxtpx:hr>184</gpxtpx:hr>
      <gpxtpx:cad>78</gpxtpx:cad>
     </gpxtpx:TrackPointExtension>
    </extensions>
   </trkpt>
   <trkpt lat="47.1999750" lon="-1.5618170">
    <ele>19.0</ele>
    <time>2025-04-27T07:25:34Z</time>
    <extensions>
     <power>313</power>
     <gpxtpx:TrackPointExtension>
      <gpxtpx:hr>184</gpxtpx:hr>
      <gpxtpx:cad>78</gpxtpx:cad>
     </gpxtpx:TrackPointExtension>
    </extensions>
   </trkpt>
   <trkpt lat="47.1999800" lon="-1.5617680">
    <ele>19.0</ele>
    <time>2025-04-27T07:25:35Z</time>
    <extensions>
     <power>312</power>
     <gpxtpx:TrackPointExtension>
      <gpxtpx:hr>185</gpxtpx:hr>
      <gpxtpx:cad>78</gpxtpx:cad>
     </gpxtpx:TrackPointExtension>
    </extensions>
   </trkpt>
   <trkpt lat="47.1999940" lon="-1.5617260">
    <ele>19.0</ele>
    <time>2025-04-27T07:25:36Z</time>
    <extensions>
     <power>312</power>
     <gpxtpx:TrackPointExtension>
      <gpxtpx:hr>185</gpxtpx:hr>
      <gpxtpx:cad>79</gpxtpx:cad>
     </gpxtpx:TrackPointExtension>
    </extensions>
   </trkpt>
   <trkpt lat="47.2000070" lon="-1.5616830">
    <ele>19.0</ele>
    <time>2025-04-27T07:25:37Z</time>
    <extensions>
     <power>312</power>
     <gpxtpx:TrackPointExtension>
      <gpxtpx:hr>185</gpxtpx:hr>
      <gpxtpx:cad>79</gpxtpx:cad>
     </gpxtpx:TrackPointExtension>
    </extensions>
   </trkpt>
   <trkpt lat="47.2000310" lon="-1.5616570">
    <ele>19.0</ele>
    <time>2025-04-27T07:25:38Z</time>
    <extensions>
     <power>312</power>
     <gpxtpx:TrackPointExtension>
      <gpxtpx:hr>185</gpxtpx:hr>
      <gpxtpx:cad>79</gpxtpx:cad>
     </gpxtpx:TrackPointExtension>
    </extensions>
   </trkpt>
   <trkpt lat="47.2000560" lon="-1.5616310">
    <ele>19.0</ele>
    <time>2025-04-27T07:25:39Z</time>
    <extensions>
     <power>311</power>
     <gpxtpx:TrackPointExtension>
      <gpxtpx:hr>185</gpxtpx:hr>
      <gpxtpx:cad>79</gpxtpx:cad>
     </gpxtpx:TrackPointExtension>
    </extensions>
   </trkpt>
   <trkpt lat="47.2000880" lon="-1.5616260">
    <ele>19.0</ele>
    <time>2025-04-27T07:25:40Z</time>
    <extensions>
     <power>311</power>
     <gpxtpx:TrackPointExtension>
      <gpxtpx:hr>185</gpxtpx:hr>
      <gpxtpx:cad>79</gpxtpx:cad>
     </gpxtpx:TrackPointExtension>
    </extensions>
   </trkpt>
   <trkpt lat="47.2001210" lon="-1.5616210">
    <ele>19.0</ele>
    <time>2025-04-27T07:25:41Z</time>
    <extensions>
     <power>311</power>
     <gpxtpx:TrackPointExtension>
      <gpxtpx:hr>185</gpxtpx:hr>
      <gpxtpx:cad>79</gpxtpx:cad>
     </gpxtpx:TrackPointExtension>
    </extensions>
   </trkpt>
   <trkpt lat="47.2001570" lon="-1.5616300">
    <ele>19.0</ele>
    <time>2025-04-27T07:25:42Z</time>
    <extensions>
     <power>312</power>
     <gpxtpx:TrackPointExtension>
      <gpxtpx:hr>185</gpxtpx:hr>
      <gpxtpx:cad>79</gpxtpx:cad>
     </gpxtpx:TrackPointExtension>
    </extensions>
   </trkpt>
   <trkpt lat="47.2001930" lon="-1.5616390">
    <ele>19.0</ele>
    <time>2025-04-27T07:25:43Z</time>
    <extensions>
     <power>312</power>
     <gpxtpx:TrackPointExtension>
      <gpxtpx:hr>185</gpxtpx:hr>
      <gpxtpx:cad>78</gpxtpx:cad>
     </gpxtpx:TrackPointExtension>
    </extensions>
   </trkpt>
   <trkpt lat="47.2002300" lon="-1.5616520">
    <ele>19.0</ele>
    <time>2025-04-27T07:25:44Z</time>
    <extensions>
     <power>312</power>
     <gpxtpx:TrackPointExtension>
      <gpxtpx:hr>185</gpxtpx:hr>
      <gpxtpx:cad>78</gpxtpx:cad>
     </gpxtpx:TrackPointExtension>
    </extensions>
   </trkpt>
   <trkpt lat="47.2002660" lon="-1.5616650">
    <ele>19.0</ele>
    <time>2025-04-27T07:25:45Z</time>
    <extensions>
     <power>312</power>
     <gpxtpx:TrackPointExtension>
      <gpxtpx:hr>186</gpxtpx:hr>
      <gpxtpx:cad>78</gpxtpx:cad>
     </gpxtpx:TrackPointExtension>
    </extensions>
   </trkpt>
   <trkpt lat="47.2003010" lon="-1.5616760">
    <ele>19.0</ele>
    <time>2025-04-27T07:25:46Z</time>
    <extensions>
     <power>313</power>
     <gpxtpx:TrackPointExtension>
      <gpxtpx:hr>186</gpxtpx:hr>
      <gpxtpx:cad>78</gpxtpx:cad>
     </gpxtpx:TrackPointExtension>
    </extensions>
   </trkpt>
   <trkpt lat="47.2003360" lon="-1.5616860">
    <ele>19.0</ele>
    <time>2025-04-27T07:25:47Z</time>
    <extensions>
     <power>313</power>
     <gpxtpx:TrackPointExtension>
      <gpxtpx:hr>186</gpxtpx:hr>
      <gpxtpx:cad>78</gpxtpx:cad>
     </gpxtpx:TrackPointExtension>
    </extensions>
   </trkpt>
   <trkpt lat="47.2003700" lon="-1.5616920">
    <ele>19.0</ele>
    <time>2025-04-27T07:25:48Z</time>
    <extensions>
     <power>313</power>
     <gpxtpx:TrackPointExtension>
      <gpxtpx:hr>186</gpxtpx:hr>
      <gpxtpx:cad>78</gpxtpx:cad>
     </gpxtpx:TrackPointExtension>
    </extensions>
   </trkpt>
   <trkpt lat="47.2004030" lon="-1.5616990">
    <ele>19.0</ele>
    <time>2025-04-27T07:25:49Z</time>
    <extensions>
     <power>313</power>
     <gpxtpx:TrackPointExtension>
      <gpxtpx:hr>187</gpxtpx:hr>
      <gpxtpx:cad>77</gpxtpx:cad>
     </gpxtpx:TrackPointExtension>
    </extensions>
   </trkpt>
   <trkpt lat="47.2004380" lon="-1.5617010">
    <ele>19.0</ele>
    <time>2025-04-27T07:25:50Z</time>
    <extensions>
     <power>313</power>
     <gpxtpx:TrackPointExtension>
      <gpxtpx:hr>187</gpxtpx:hr>
      <gpxtpx:cad>77</gpxtpx:cad>
     </gpxtpx:TrackPointExtension>
    </extensions>
   </trkpt>
   <trkpt lat="47.2004730" lon="-1.5617040">
    <ele>19.0</ele>
    <time>2025-04-27T07:25:51Z</time>
    <extensions>
     <power>313</power>
     <gpxtpx:TrackPointExtension>
      <gpxtpx:hr>187</gpxtpx:hr>
      <gpxtpx:cad>77</gpxtpx:cad>
     </gpxtpx:TrackPointExtension>
    </extensions>
   </trkpt>
   <trkpt lat="47.2005070" lon="-1.5617050">
    <ele>19.0</ele>
    <time>2025-04-27T07:25:52Z</time>
    <extensions>
     <power>314</power>
     <gpxtpx:TrackPointExtension>
      <gpxtpx:hr>188</gpxtpx:hr>
      <gpxtpx:cad>77</gpxtpx:cad>
     </gpxtpx:TrackPointExtension>
    </extensions>
   </trkpt>
   <trkpt lat="47.2005410" lon="-1.5617060">
    <ele>19.0</ele>
    <time>2025-04-27T07:25:53Z</time>
    <extensions>
     <power>314</power>
     <gpxtpx:TrackPointExtension>
      <gpxtpx:hr>188</gpxtpx:hr>
      <gpxtpx:cad>77</gpxtpx:cad>
     </gpxtpx:TrackPointExtension>
    </extensions>
   </trkpt>
   <trkpt lat="47.2005750" lon="-1.5617050">
    <ele>19.0</ele>
    <time>2025-04-27T07:25:54Z</time>
    <extensions>
     <power>314</power>
     <gpxtpx:TrackPointExtension>
      <gpxtpx:hr>188</gpxtpx:hr>
      <gpxtpx:cad>78</gpxtpx:cad>
     </gpxtpx:TrackPointExtension>
    </extensions>
   </trkpt>
   <trkpt lat="47.2006090" lon="-1.5617050">
    <ele>19.0</ele>
    <time>2025-04-27T07:25:55Z</time>
    <extensions>
     <power>314</power>
     <gpxtpx:TrackPointExtension>
      <gpxtpx:hr>188</gpxtpx:hr>
      <gpxtpx:cad>78</gpxtpx:cad>
     </gpxtpx:TrackPointExtension>
    </extensions>
   </trkpt>
   <trkpt lat="47.2006420" lon="-1.5617020">
    <ele>19.0</ele>
    <time>2025-04-27T07:25:56Z</time>
    <extensions>
     <power>314</power>
     <gpxtpx:TrackPointExtension>
      <gpxtpx:hr>189</gpxtpx:hr>
      <gpxtpx:cad>78</gpxtpx:cad>
     </gpxtpx:TrackPointExtension>
    </extensions>
   </trkpt>
   <trkpt lat="47.2006750" lon="-1.5617000">
    <ele>19.0</ele>
    <time>2025-04-27T07:25:57Z</time>
    <extensions>
     <power>314</power>
     <gpxtpx:TrackPointExtension>
      <gpxtpx:hr>189</gpxtpx:hr>
      <gpxtpx:cad>77</gpxtpx:cad>
     </gpxtpx:TrackPointExtension>
    </extensions>
   </trkpt>
   <trkpt lat="47.2007070" lon="-1.5616970">
    <ele>19.0</ele>
    <time>2025-04-27T07:25:58Z</time>
    <extensions>
     <power>314</power>
     <gpxtpx:TrackPointExtension>
      <gpxtpx:hr>190</gpxtpx:hr>
      <gpxtpx:cad>77</gpxtpx:cad>
     </gpxtpx:TrackPointExtension>
    </extensions>
   </trkpt>
   <trkpt lat="47.2007400" lon="-1.5616940">
    <ele>19.0</ele>
    <time>2025-04-27T07:25:59Z</time>
    <extensions>
     <power>314</power>
     <gpxtpx:TrackPointExtension>
      <gpxtpx:hr>190</gpxtpx:hr>
      <gpxtpx:cad>77</gpxtpx:cad>
     </gpxtpx:TrackPointExtension>
    </extensions>
   </trkpt>
   <trkpt lat="47.2007730" lon="-1.5616910">
    <ele>19.0</ele>
    <time>2025-04-27T07:26:00Z</time>
    <extensions>
     <power>314</power>
     <gpxtpx:TrackPointExtension>
      <gpxtpx:hr>190</gpxtpx:hr>
      <gpxtpx:cad>77</gpxtpx:cad>
     </gpxtpx:TrackPointExtension>
    </extensions>
   </trkpt>
   <trkpt lat="47.2008060" lon="-1.5616880">
    <ele>19.0</ele>
    <time>2025-04-27T07:26:01Z</time>
    <extensions>
     <power>314</power>
     <gpxtpx:TrackPointExtension>
      <gpxtpx:hr>190</gpxtpx:hr>
      <gpxtpx:cad>77</gpxtpx:cad>
     </gpxtpx:TrackPointExtension>
    </extensions>
   </trkpt>
   <trkpt lat="47.2008380" lon="-1.5616860">
    <ele>19.0</ele>
    <time>2025-04-27T07:26:02Z</time>
    <extensions>
     <power>314</power>
     <gpxtpx:TrackPointExtension>
      <gpxtpx:hr>190</gpxtpx:hr>
      <gpxtpx:cad>77</gpxtpx:cad>
     </gpxtpx:TrackPointExtension>
    </extensions>
   </trkpt>
   <trkpt lat="47.2008710" lon="-1.5616850">
    <ele>19.0</ele>
    <time>2025-04-27T07:26:03Z</time>
    <extensions>
     <power>314</power>
     <gpxtpx:TrackPointExtension>
      <gpxtpx:hr>190</gpxtpx:hr>
      <gpxtpx:cad>77</gpxtpx:cad>
     </gpxtpx:TrackPointExtension>
    </extensions>
   </trkpt>
   <trkpt lat="47.2009030" lon="-1.5616840">
    <ele>19.0</ele>
    <time>2025-04-27T07:26:04Z</time>
    <extensions>
     <power>314</power>
     <gpxtpx:TrackPointExtension>
      <gpxtpx:hr>190</gpxtpx:hr>
      <gpxtpx:cad>77</gpxtpx:cad>
     </gpxtpx:TrackPointExtension>
    </extensions>
   </trkpt>
   <trkpt lat="47.2009350" lon="-1.5616840">
    <ele>19.0</ele>
    <time>2025-04-27T07:26:05Z</time>
    <extensions>
     <power>314</power>
     <gpxtpx:TrackPointExtension>
      <gpxtpx:hr>190</gpxtpx:hr>
      <gpxtpx:cad>77</gpxtpx:cad>
     </gpxtpx:TrackPointExtension>
    </extensions>
   </trkpt>
   <trkpt lat="47.2009680" lon="-1.5616830">
    <ele>19.0</ele>
    <time>2025-04-27T07:26:06Z</time>
    <extensions>
     <power>314</power>
     <gpxtpx:TrackPointExtension>
      <gpxtpx:hr>190</gpxtpx:hr>
      <gpxtpx:cad>77</gpxtpx:cad>
     </gpxtpx:TrackPointExtension>
    </extensions>
   </trkpt>
   <trkpt lat="47.2010010" lon="-1.5616820">
    <ele>19.0</ele>
    <time>2025-04-27T07:26:07Z</time>
    <extensions>
     <power>314</power>
     <gpxtpx:TrackPointExtension>
      <gpxtpx:hr>190</gpxtpx:hr>
      <gpxtpx:cad>77</gpxtpx:cad>
     </gpxtpx:TrackPointExtension>
    </extensions>
   </trkpt>
   <trkpt lat="47.2010340" lon="-1.5616810">
    <ele>19.0</ele>
    <time>2025-04-27T07:26:08Z</time>
    <extensions>
     <power>314</power>
     <gpxtpx:TrackPointExtension>
      <gpxtpx:hr>190</gpxtpx:hr>
      <gpxtpx:cad>78</gpxtpx:cad>
     </gpxtpx:TrackPointExtension>
    </extensions>
   </trkpt>
   <trkpt lat="47.2010670" lon="-1.5616800">
    <ele>19.0</ele>
    <time>2025-04-27T07:26:09Z</time>
    <extensions>
     <power>314</power>
     <gpxtpx:TrackPointExtension>
      <gpxtpx:hr>190</gpxtpx:hr>
      <gpxtpx:cad>78</gpxtpx:cad>
     </gpxtpx:TrackPointExtension>
    </extensions>
   </trkpt>
   <trkpt lat="47.2011000" lon="-1.5616800">
    <ele>19.0</ele>
    <time>2025-04-27T07:26:10Z</time>
    <extensions>
     <power>314</power>
     <gpxtpx:TrackPointExtension>
      <gpxtpx:hr>190</gpxtpx:hr>
      <gpxtpx:cad>78</gpxtpx:cad>
     </gpxtpx:TrackPointExtension>
    </extensions>
   </trkpt>
   <trkpt lat="47.2011330" lon="-1.5616800">
    <ele>19.0</ele>
    <time>2025-04-27T07:26:11Z</time>
    <extensions>
     <power>314</power>
     <gpxtpx:TrackPointExtension>
      <gpxtpx:hr>189</gpxtpx:hr>
      <gpxtpx:cad>78</gpxtpx:cad>
     </gpxtpx:TrackPointExtension>
    </extensions>
   </trkpt>
   <trkpt lat="47.2011650" lon="-1.5616830">
    <ele>19.0</ele>
    <time>2025-04-27T07:26:12Z</time>
    <extensions>
     <power>314</power>
     <gpxtpx:TrackPointExtension>
      <gpxtpx:hr>189</gpxtpx:hr>
      <gpxtpx:cad>78</gpxtpx:cad>
     </gpxtpx:TrackPointExtension>
    </extensions>
   </trkpt>
   <trkpt lat="47.2011960" lon="-1.5616850">
    <ele>19.0</ele>
    <time>2025-04-27T07:26:13Z</time>
    <extensions>
     <power>314</power>
     <gpxtpx:TrackPointExtension>
      <gpxtpx:hr>189</gpxtpx:hr>
      <gpxtpx:cad>78</gpxtpx:cad>
     </gpxtpx:TrackPointExtension>
    </extensions>
   </trkpt>
   <trkpt lat="47.2012280" lon="-1.5616890">
    <ele>19.0</ele>
    <time>2025-04-27T07:26:14Z</time>
    <extensions>
     <power>314</power>
     <gpxtpx:TrackPointExtension>
      <gpxtpx:hr>189</gpxtpx:hr>
      <gpxtpx:cad>78</gpxtpx:cad>
     </gpxtpx:TrackPointExtension>
    </extensions>
   </trkpt>
   <trkpt lat="47.2012600" lon="-1.5616920">
    <ele>19.0</ele>
    <time>2025-04-27T07:26:15Z</time>
    <extensions>
     <power>314</power>
     <gpxtpx:TrackPointExtension>
      <gpxtpx:hr>189</gpxtpx:hr>
      <gpxtpx:cad>78</gpxtpx:cad>
     </gpxtpx:TrackPointExtension>
    </extensions>
   </trkpt>
   <trkpt lat="47.2012930" lon="-1.5616940">
    <ele>19.0</ele>
    <time>2025-04-27T07:26:16Z</time>
    <extensions>
     <power>314</power>
     <gpxtpx:TrackPointExtension>
      <gpxtpx:hr>189</gpxtpx:hr>
      <gpxtpx:cad>78</gpxtpx:cad>
     </gpxtpx:TrackPointExtension>
    </extensions>
   </trkpt>
   <trkpt lat="47.2013250" lon="-1.5616960">
    <ele>19.0</ele>
    <time>2025-04-27T07:26:17Z</time>
    <extensions>
     <power>314</power>
     <gpxtpx:TrackPointExtension>
      <gpxtpx:hr>188</gpxtpx:hr>
      <gpxtpx:cad>78</gpxtpx:cad>
     </gpxtpx:TrackPointExtension>
    </extensions>
   </trkpt>
   <trkpt lat="47.2013580" lon="-1.5616990">
    <ele>19.0</ele>
    <time>2025-04-27T07:26:18Z</time>
    <extensions>
     <power>314</power>
     <gpxtpx:TrackPointExtension>
      <gpxtpx:hr>188</gpxtpx:hr>
      <gpxtpx:cad>78</gpxtpx:cad>
     </gpxtpx:TrackPointExtension>
    </extensions>
   </trkpt>
   <trkpt lat="47.2013910" lon="-1.5617010">
    <ele>19.0</ele>
    <time>2025-04-27T07:26:19Z</time>
    <extensions>
     <power>314</power>
     <gpxtpx:TrackPointExtension>
      <gpxtpx:hr>188</gpxtpx:hr>
      <gpxtpx:cad>78</gpxtpx:cad>
     </gpxtpx:TrackPointExtension>
    </extensions>
   </trkpt>
   <trkpt lat="47.2014240" lon="-1.5617060">
    <ele>19.0</ele>
    <time>2025-04-27T07:26:20Z</time>
    <extensions>
     <power>314</power>
     <gpxtpx:TrackPointExtension>
      <gpxtpx:hr>188</gpxtpx:hr>
      <gpxtpx:cad>79</gpxtpx:cad>
     </gpxtpx:TrackPointExtension>
    </extensions>
   </trkpt>
   <trkpt lat="47.2014570" lon="-1.5617110">
    <ele>19.0</ele>
    <time>2025-04-27T07:26:21Z</time>
    <extensions>
     <power>314</power>
     <gpxtpx:TrackPointExtension>
      <gpxtpx:hr>188</gpxtpx:hr>
      <gpxtpx:cad>79</gpxtpx:cad>
     </gpxtpx:TrackPointExtension>
    </extensions>
   </trkpt>
   <trkpt lat="47.2014910" lon="-1.5617170">
    <ele>19.0</ele>
    <time>2025-04-27T07:26:22Z</time>
    <extensions>
     <power>314</power>
     <gpxtpx:TrackPointExtension>
      <gpxtpx:hr>188</gpxtpx:hr>
      <gpxtpx:cad>79</gpxtpx:cad>
     </gpxtpx:TrackPointExtension>
    </extensions>
   </trkpt>
   <trkpt lat="47.2015240" lon="-1.5617240">
    <ele>19.0</ele>
    <time>2025-04-27T07:26:23Z</time>
    <extensions>
     <power>314</power>
     <gpxtpx:TrackPointExtension>
      <gpxtpx:hr>188</gpxtpx:hr>
      <gpxtpx:cad>79</gpxtpx:cad>
     </gpxtpx:TrackPointExtension>
    </extensions>
   </trkpt>
   <trkpt lat="47.2015580" lon="-1.5617350">
    <ele>19.0</ele>
    <time>2025-04-27T07:26:24Z</time>
    <extensions>
     <power>314</power>
     <gpxtpx:TrackPointExtension>
      <gpxtpx:hr>188</gpxtpx:hr>
      <gpxtpx:cad>79</gpxtpx:cad>
     </gpxtpx:TrackPointExtension>
    </extensions>
   </trkpt>
   <trkpt lat="47.2015910" lon="-1.5617460">
    <ele>19.0</ele>
    <time>2025-04-27T07:26:25Z</time>
    <extensions>
     <power>314</power>
     <gpxtpx:TrackPointExtension>
      <gpxtpx:hr>188</gpxtpx:hr>
      <gpxtpx:cad>79</gpxtpx:cad>
     </gpxtpx:TrackPointExtension>
    </extensions>
   </trkpt>
   <trkpt lat="47.2016220" lon="-1.5617650">
    <ele>19.0</ele>
    <time>2025-04-27T07:26:26Z</time>
    <extensions>
     <power>314</power>
     <gpxtpx:TrackPointExtension>
      <gpxtpx:hr>188</gpxtpx:hr>
      <gpxtpx:cad>79</gpxtpx:cad>
     </gpxtpx:TrackPointExtension>
    </extensions>
   </trkpt>
   <trkpt lat="47.2016530" lon="-1.5617850">
    <ele>19.0</ele>
    <time>2025-04-27T07:26:27Z</time>
    <extensions>
     <power>314</power>
     <gpxtpx:TrackPointExtension>
      <gpxtpx:hr>188</gpxtpx:hr>
      <gpxtpx:cad>78</gpxtpx:cad>
     </gpxtpx:TrackPointExtension>
    </extensions>
   </trkpt>
   <trkpt lat="47.2016770" lon="-1.5618170">
    <ele>19.0</ele>
    <time>2025-04-27T07:26:28Z</time>
    <extensions>
     <power>314</power>
     <gpxtpx:TrackPointExtension>
      <gpxtpx:hr>188</gpxtpx:hr>
      <gpxtpx:cad>78</gpxtpx:cad>
     </gpxtpx:TrackPointExtension>
    </extensions>
   </trkpt>
   <trkpt lat="47.2017020" lon="-1.5618490">
    <ele>19.0</ele>
    <time>2025-04-27T07:26:29Z</time>
    <extensions>
     <power>314</power>
     <gpxtpx:TrackPointExtension>
      <gpxtpx:hr>188</gpxtpx:hr>
      <gpxtpx:cad>78</gpxtpx:cad>
     </gpxtpx:TrackPointExtension>
    </extensions>
   </trkpt>
   <trkpt lat="47.2017170" lon="-1.5618910">
    <ele>19.0</ele>
    <time>2025-04-27T07:26:30Z</time>
    <extensions>
     <power>314</power>
     <gpxtpx:TrackPointExtension>
      <gpxtpx:hr>188</gpxtpx:hr>
      <gpxtpx:cad>78</gpxtpx:cad>
     </gpxtpx:TrackPointExtension>
    </extensions>
   </trkpt>
   <trkpt lat="47.2017330" lon="-1.5619330">
    <ele>19.0</ele>
    <time>2025-04-27T07:26:31Z</time>
    <extensions>
     <power>314</power>
     <gpxtpx:TrackPointExtension>
      <gpxtpx:hr>188</gpxtpx:hr>
      <gpxtpx:cad>78</gpxtpx:cad>
     </gpxtpx:TrackPointExtension>
    </extensions>
   </trkpt>
   <trkpt lat="47.2017410" lon="-1.5619820">
    <ele>19.0</ele>
    <time>2025-04-27T07:26:32Z</time>
    <extensions>
     <power>314</power>
     <gpxtpx:TrackPointExtension>
      <gpxtpx:hr>188</gpxtpx:hr>
      <gpxtpx:cad>78</gpxtpx:cad>
     </gpxtpx:TrackPointExtension>
    </extensions>
   </trkpt>
   <trkpt lat="47.2017490" lon="-1.5620310">
    <ele>19.0</ele>
    <time>2025-04-27T07:26:33Z</time>
    <extensions>
     <power>314</power>
     <gpxtpx:TrackPointExtension>
      <gpxtpx:hr>188</gpxtpx:hr>
      <gpxtpx:cad>78</gpxtpx:cad>
     </gpxtpx:TrackPointExtension>
    </extensions>
   </trkpt>
   <trkpt lat="47.2017530" lon="-1.5620830">
    <ele>19.0</ele>
    <time>2025-04-27T07:26:34Z</time>
    <extensions>
     <power>314</power>
     <gpxtpx:TrackPointExtension>
      <gpxtpx:hr>188</gpxtpx:hr>
      <gpxtpx:cad>78</gpxtpx:cad>
     </gpxtpx:TrackPointExtension>
    </extensions>
   </trkpt>
   <trkpt lat="47.2017560" lon="-1.5621350">
    <ele>19.0</ele>
    <time>2025-04-27T07:26:35Z</time>
    <extensions>
     <power>314</power>
     <gpxtpx:TrackPointExtension>
      <gpxtpx:hr>188</gpxtpx:hr>
      <gpxtpx:cad>78</gpxtpx:cad>
     </gpxtpx:TrackPointExtension>
    </extensions>
   </trkpt>
   <trkpt lat="47.2017580" lon="-1.5621870">
    <ele>18.0</ele>
    <time>2025-04-27T07:26:36Z</time>
    <extensions>
     <power>314</power>
     <gpxtpx:TrackPointExtension>
      <gpxtpx:hr>189</gpxtpx:hr>
      <gpxtpx:cad>78</gpxtpx:cad>
     </gpxtpx:TrackPointExtension>
    </extensions>
   </trkpt>
   <trkpt lat="47.2017600" lon="-1.5622380">
    <ele>18.0</ele>
    <time>2025-04-27T07:26:37Z</time>
    <extensions>
     <power>314</power>
     <gpxtpx:TrackPointExtension>
      <gpxtpx:hr>189</gpxtpx:hr>
      <gpxtpx:cad>78</gpxtpx:cad>
     </gpxtpx:TrackPointExtension>
    </extensions>
   </trkpt>
   <trkpt lat="47.2017610" lon="-1.5622890">
    <ele>18.0</ele>
    <time>2025-04-27T07:26:38Z</time>
    <extensions>
     <power>315</power>
     <gpxtpx:TrackPointExtension>
      <gpxtpx:hr>189</gpxtpx:hr>
      <gpxtpx:cad>78</gpxtpx:cad>
     </gpxtpx:TrackPointExtension>
    </extensions>
   </trkpt>
   <trkpt lat="47.2017620" lon="-1.5623400">
    <ele>18.0</ele>
    <time>2025-04-27T07:26:39Z</time>
    <extensions>
     <power>315</power>
     <gpxtpx:TrackPointExtension>
      <gpxtpx:hr>189</gpxtpx:hr>
      <gpxtpx:cad>78</gpxtpx:cad>
     </gpxtpx:TrackPointExtension>
    </extensions>
   </trkpt>
   <trkpt lat="47.2017620" lon="-1.5623910">
    <ele>18.0</ele>
    <time>2025-04-27T07:26:40Z</time>
    <extensions>
     <power>315</power>
     <gpxtpx:TrackPointExtension>
      <gpxtpx:hr>188</gpxtpx:hr>
      <gpxtpx:cad>78</gpxtpx:cad>
     </gpxtpx:TrackPointExtension>
    </extensions>
   </trkpt>
   <trkpt lat="47.2017630" lon="-1.5624420">
    <ele>18.0</ele>
    <time>2025-04-27T07:26:41Z</time>
    <extensions>
     <power>315</power>
     <gpxtpx:TrackPointExtension>
      <gpxtpx:hr>188</gpxtpx:hr>
      <gpxtpx:cad>77</gpxtpx:cad>
     </gpxtpx:TrackPointExtension>
    </extensions>
   </trkpt>
   <trkpt lat="47.2017640" lon="-1.5624930">
    <ele>18.0</ele>
    <time>2025-04-27T07:26:42Z</time>
    <extensions>
     <power>315</power>
     <gpxtpx:TrackPointExtension>
      <gpxtpx:hr>188</gpxtpx:hr>
      <gpxtpx:cad>77</gpxtpx:cad>
     </gpxtpx:TrackPointExtension>
    </extensions>
   </trkpt>
   <trkpt lat="47.2017650" lon="-1.5625450">
    <ele>18.0</ele>
    <time>2025-04-27T07:26:43Z</time>
    <extensions>
     <power>315</power>
     <gpxtpx:TrackPointExtension>
      <gpxtpx:hr>189</gpxtpx:hr>
      <gpxtpx:cad>77</gpxtpx:cad>
     </gpxtpx:TrackPointExtension>
    </extensions>
   </trkpt>
   <trkpt lat="47.2017680" lon="-1.5625950">
    <ele>18.0</ele>
    <time>2025-04-27T07:26:44Z</time>
    <extensions>
     <power>316</power>
     <gpxtpx:TrackPointExtension>
      <gpxtpx:hr>189</gpxtpx:hr>
      <gpxtpx:cad>77</gpxtpx:cad>
     </gpxtpx:TrackPointExtension>
    </extensions>
   </trkpt>
   <trkpt lat="47.2017710" lon="-1.5626450">
    <ele>18.0</ele>
    <time>2025-04-27T07:26:45Z</time>
    <extensions>
     <power>316</power>
     <gpxtpx:TrackPointExtension>
      <gpxtpx:hr>189</gpxtpx:hr>
      <gpxtpx:cad>77</gpxtpx:cad>
     </gpxtpx:TrackPointExtension>
    </extensions>
   </trkpt>
   <trkpt lat="47.2017770" lon="-1.5626940">
    <ele>18.0</ele>
    <time>2025-04-27T07:26:46Z</time>
    <extensions>
     <power>316</power>
     <gpxtpx:TrackPointExtension>
      <gpxtpx:hr>189</gpxtpx:hr>
      <gpxtpx:cad>77</gpxtpx:cad>
     </gpxtpx:TrackPointExtension>
    </extensions>
   </trkpt>
   <trkpt lat="47.2017830" lon="-1.5627420">
    <ele>18.0</ele>
    <time>2025-04-27T07:26:47Z</time>
    <extensions>
     <power>316</power>
     <gpxtpx:TrackPointExtension>
      <gpxtpx:hr>189</gpxtpx:hr>
      <gpxtpx:cad>77</gpxtpx:cad>
     </gpxtpx:TrackPointExtension>
    </extensions>
   </trkpt>
   <trkpt lat="47.2017930" lon="-1.5627890">
    <ele>18.0</ele>
    <time>2025-04-27T07:26:48Z</time>
    <extensions>
     <power>317</power>
     <gpxtpx:TrackPointExtension>
      <gpxtpx:hr>189</gpxtpx:hr>
      <gpxtpx:cad>77</gpxtpx:cad>
     </gpxtpx:TrackPointExtension>
    </extensions>
   </trkpt>
   <trkpt lat="47.2018040" lon="-1.5628350">
    <ele>18.0</ele>
    <time>2025-04-27T07:26:49Z</time>
    <extensions>
     <power>317</power>
     <gpxtpx:TrackPointExtension>
      <gpxtpx:hr>189</gpxtpx:hr>
      <gpxtpx:cad>77</gpxtpx:cad>
     </gpxtpx:TrackPointExtension>
    </extensions>
   </trkpt>
   <trkpt lat="47.2018180" lon="-1.5628780">
    <ele>18.0</ele>
    <time>2025-04-27T07:26:50Z</time>
    <extensions>
     <power>317</power>
     <gpxtpx:TrackPointExtension>
      <gpxtpx:hr>189</gpxtpx:hr>
      <gpxtpx:cad>77</gpxtpx:cad>
     </gpxtpx:TrackPointExtension>
    </extensions>
   </trkpt>
   <trkpt lat="47.2018330" lon="-1.5629210">
    <ele>18.0</ele>
    <time>2025-04-27T07:26:51Z</time>
    <extensions>
     <power>317</power>
     <gpxtpx:TrackPointExtension>
      <gpxtpx:hr>189</gpxtpx:hr>
      <gpxtpx:cad>77</gpxtpx:cad>
     </gpxtpx:TrackPointExtension>
    </extensions>
   </trkpt>
   <trkpt lat="47.2018520" lon="-1.5629600">
    <ele>18.0</ele>
    <time>2025-04-27T07:26:52Z</time>
    <extensions>
     <power>318</power>
     <gpxtpx:TrackPointExtension>
      <gpxtpx:hr>189</gpxtpx:hr>
      <gpxtpx:cad>77</gpxtpx:cad>
     </gpxtpx:TrackPointExtension>
    </extensions>
   </trkpt>
   <trkpt lat="47.2018710" lon="-1.5629990">
    <ele>18.0</ele>
    <time>2025-04-27T07:26:53Z</time>
    <extensions>
     <power>318</power>
     <gpxtpx:TrackPointExtension>
      <gpxtpx:hr>189</gpxtpx:hr>
      <gpxtpx:cad>77</gpxtpx:cad>
     </gpxtpx:TrackPointExtension>
    </extensions>
   </trkpt>
   <trkpt lat="47.2018940" lon="-1.5630320">
    <ele>18.0</ele>
    <time>2025-04-27T07:26:54Z</time>
    <extensions>
     <power>318</power>
     <gpxtpx:TrackPointExtension>
      <gpxtpx:hr>189</gpxtpx:hr>
      <gpxtpx:cad>77</gpxtpx:cad>
     </gpxtpx:TrackPointExtension>
    </extensions>
   </trkpt>
   <trkpt lat="47.2019160" lon="-1.5630650">
    <ele>18.0</ele>
    <time>2025-04-27T07:26:55Z</time>
    <extensions>
     <power>317</power>
     <gpxtpx:TrackPointExtension>
      <gpxtpx:hr>189</gpxtpx:hr>
      <gpxtpx:cad>77</gpxtpx:cad>
     </gpxtpx:TrackPointExtension>
    </extensions>
   </trkpt>
   <trkpt lat="47.2019430" lon="-1.5630920">
    <ele>18.0</ele>
    <time>2025-04-27T07:26:56Z</time>
    <extensions>
     <power>317</power>
     <gpxtpx:TrackPointExtension>
      <gpxtpx:hr>189</gpxtpx:hr>
      <gpxtpx:cad>77</gpxtpx:cad>
     </gpxtpx:TrackPointExtension>
    </extensions>
   </trkpt>
   <trkpt lat="47.2019690" lon="-1.5631190">
    <ele>18.0</ele>
    <time>2025-04-27T07:26:57Z</time>
    <extensions>
     <power>316</power>
     <gpxtpx:TrackPointExtension>
      <gpxtpx:hr>188</gpxtpx:hr>
      <gpxtpx:cad>77</gpxtpx:cad>
     </gpxtpx:TrackPointExtension>
    </extensions>
   </trkpt>
   <trkpt lat="47.2019980" lon="-1.5631410">
    <ele>18.0</ele>
    <time>2025-04-27T07:26:58Z</time>
    <extensions>
     <power>316</power>
     <gpxtpx:TrackPointExtension>
      <gpxtpx:hr>188</gpxtpx:hr>
      <gpxtpx:cad>77</gpxtpx:cad>
     </gpxtpx:TrackPointExtension>
    </extensions>
   </trkpt>
   <trkpt lat="47.2020270" lon="-1.5631630">
    <ele>18.0</ele>
    <time>2025-04-27T07:26:59Z</time>
    <extensions>
     <power>315</power>
     <gpxtpx:TrackPointExtension>
      <gpxtpx:hr>188</gpxtpx:hr>
      <gpxtpx:cad>77</gpxtpx:cad>
     </gpxtpx:TrackPointExtension>
    </extensions>
   </trkpt>
   <trkpt lat="47.2020570" lon="-1.5631810">
    <ele>19.0</ele>
    <time>2025-04-27T07:27:00Z</time>
    <extensions>
     <power>315</power>
     <gpxtpx:TrackPointExtension>
      <gpxtpx:hr>189</gpxtpx:hr>
      <gpxtpx:cad>77</gpxtpx:cad>
     </gpxtpx:TrackPointExtension>
    </extensions>
   </trkpt>
   <trkpt lat="47.2020880" lon="-1.5632000">
    <ele>19.0</ele>
    <time>2025-04-27T07:27:01Z</time>
    <extensions>
     <power>314</power>
     <gpxtpx:TrackPointExtension>
      <gpxtpx:hr>189</gpxtpx:hr>
      <gpxtpx:cad>77</gpxtpx:cad>
     </gpxtpx:TrackPointExtension>
    </extensions>
   </trkpt>
   <trkpt lat="47.2021190" lon="-1.5632150">
    <ele>19.0</ele>
    <time>2025-04-27T07:27:02Z</time>
    <extensions>
     <power>314</power>
     <gpxtpx:TrackPointExtension>
      <gpxtpx:hr>189</gpxtpx:hr>
      <gpxtpx:cad>77</gpxtpx:cad>
     </gpxtpx:TrackPointExtension>
    </extensions>
   </trkpt>
   <trkpt lat="47.2021500" lon="-1.5632310">
    <ele>19.0</ele>
    <time>2025-04-27T07:27:03Z</time>
    <extensions>
     <power>314</power>
     <gpxtpx:TrackPointExtension>
      <gpxtpx:hr>188</gpxtpx:hr>
      <gpxtpx:cad>77</gpxtpx:cad>
     </gpxtpx:TrackPointExtension>
    </extensions>
   </trkpt>
   <trkpt lat="47.2021820" lon="-1.5632450">
    <ele>19.0</ele>
    <time>2025-04-27T07:27:04Z</time>
    <extensions>
     <power>314</power>
     <gpxtpx:TrackPointExtension>
      <gpxtpx:hr>188</gpxtpx:hr>
      <gpxtpx:cad>77</gpxtpx:cad>
     </gpxtpx:TrackPointExtension>
    </extensions>
   </trkpt>
   <trkpt lat="47.2022130" lon="-1.5632590">
    <ele>19.0</ele>
    <time>2025-04-27T07:27:05Z</time>
    <extensions>
     <power>314</power>
     <gpxtpx:TrackPointExtension>
      <gpxtpx:hr>188</gpxtpx:hr>
      <gpxtpx:cad>77</gpxtpx:cad>
     </gpxtpx:TrackPointExtension>
    </extensions>
   </trkpt>
   <trkpt lat="47.2022440" lon="-1.5632720">
    <ele>19.0</ele>
    <time>2025-04-27T07:27:06Z</time>
    <extensions>
     <power>314</power>
     <gpxtpx:TrackPointExtension>
      <gpxtpx:hr>188</gpxtpx:hr>
      <gpxtpx:cad>77</gpxtpx:cad>
     </gpxtpx:TrackPointExtension>
    </extensions>
   </trkpt>
   <trkpt lat="47.2022750" lon="-1.5632850">
    <ele>19.0</ele>
    <time>2025-04-27T07:27:07Z</time>
    <extensions>
     <power>314</power>
     <gpxtpx:TrackPointExtension>
      <gpxtpx:hr>188</gpxtpx:hr>
      <gpxtpx:cad>77</gpxtpx:cad>
     </gpxtpx:TrackPointExtension>
    </extensions>
   </trkpt>
   <trkpt lat="47.2023060" lon="-1.5632980">
    <ele>19.0</ele>
    <time>2025-04-27T07:27:08Z</time>
    <extensions>
     <power>314</power>
     <gpxtpx:TrackPointExtension>
      <gpxtpx:hr>187</gpxtpx:hr>
      <gpxtpx:cad>77</gpxtpx:cad>
     </gpxtpx:TrackPointExtension>
    </extensions>
   </trkpt>
   <trkpt lat="47.2023370" lon="-1.5633110">
    <ele>19.0</ele>
    <time>2025-04-27T07:27:09Z</time>
    <extensions>
     <power>314</power>
     <gpxtpx:TrackPointExtension>
      <gpxtpx:hr>187</gpxtpx:hr>
      <gpxtpx:cad>77</gpxtpx:cad>
     </gpxtpx:TrackPointExtension>
    </extensions>
   </trkpt>
   <trkpt lat="47.2023670" lon="-1.5633240">
    <ele>19.0</ele>
    <time>2025-04-27T07:27:10Z</time>
    <extensions>
     <power>314</power>
     <gpxtpx:TrackPointExtension>
      <gpxtpx:hr>187</gpxtpx:hr>
      <gpxtpx:cad>77</gpxtpx:cad>
     </gpxtpx:TrackPointExtension>
    </extensions>
   </trkpt>
   <trkpt lat="47.2023970" lon="-1.5633380">
    <ele>19.0</ele>
    <time>2025-04-27T07:27:11Z</time>
    <extensions>
     <power>321</power>
     <gpxtpx:TrackPointExtension>
      <gpxtpx:hr>186</gpxtpx:hr>
      <gpxtpx:cad>77</gpxtpx:cad>
     </gpxtpx:TrackPointExtension>
    </extensions>
   </trkpt>
   <trkpt lat="47.2024270" lon="-1.5633500">
    <ele>19.0</ele>
    <time>2025-04-27T07:27:12Z</time>
    <extensions>
     <power>328</power>
     <gpxtpx:TrackPointExtension>
      <gpxtpx:hr>186</gpxtpx:hr>
      <gpxtpx:cad>77</gpxtpx:cad>
     </gpxtpx:TrackPointExtension>
    </extensions>
   </trkpt>
   <trkpt lat="47.2024560" lon="-1.5633630">
    <ele>19.0</ele>
    <time>2025-04-27T07:27:13Z</time>
    <extensions>
     <power>328</power>
     <gpxtpx:TrackPointExtension>
      <gpxtpx:hr>185</gpxtpx:hr>
      <gpxtpx:cad>77</gpxtpx:cad>
     </gpxtpx:TrackPointExtension>
    </extensions>
   </trkpt>
   <trkpt lat="47.2024860" lon="-1.5633760">
    <ele>19.0</ele>
    <time>2025-04-27T07:27:14Z</time>
    <extensions>
     <power>328</power>
     <gpxtpx:TrackPointExtension>
      <gpxtpx:hr>185</gpxtpx:hr>
      <gpxtpx:cad>77</gpxtpx:cad>
     </gpxtpx:TrackPointExtension>
    </extensions>
   </trkpt>
   <trkpt lat="47.2025150" lon="-1.5633890">
    <ele>19.0</ele>
    <time>2025-04-27T07:27:15Z</time>
    <extensions>
     <power>327</power>
     <gpxtpx:TrackPointExtension>
      <gpxtpx:hr>185</gpxtpx:hr>
      <gpxtpx:cad>77</gpxtpx:cad>
     </gpxtpx:TrackPointExtension>
    </extensions>
   </trkpt>
   <trkpt lat="47.2025450" lon="-1.5634020">
    <ele>19.0</ele>
    <time>2025-04-27T07:27:16Z</time>
    <extensions>
     <power>327</power>
     <gpxtpx:TrackPointExtension>
      <gpxtpx:hr>185</gpxtpx:hr>
      <gpxtpx:cad>77</gpxtpx:cad>
     </gpxtpx:TrackPointExtension>
    </extensions>
   </trkpt>
   <trkpt lat="47.2025750" lon="-1.5634150">
    <ele>19.0</ele>
    <time>2025-04-27T07:27:17Z</time>
    <extensions>
     <power>319</power>
     <gpxtpx:TrackPointExtension>
      <gpxtpx:hr>185</gpxtpx:hr>
      <gpxtpx:cad>77</gpxtpx:cad>
     </gpxtpx:TrackPointExtension>
    </extensions>
   </trkpt>
   <trkpt lat="47.2026050" lon="-1.5634290">
    <ele>19.0</ele>
    <time>2025-04-27T07:27:18Z</time>
    <extensions>
     <power>312</power>
     <gpxtpx:TrackPointExtension>
      <gpxtpx:hr>185</gpxtpx:hr>
      <gpxtpx:cad>77</gpxtpx:cad>
     </gpxtpx:TrackPointExtension>
    </extensions>
   </trkpt>
   <trkpt lat="47.2026350" lon="-1.5634420">
    <ele>19.0</ele>
    <time>2025-04-27T07:27:19Z</time>
    <extensions>
     <power>312</power>
     <gpxtpx:TrackPointExtension>
      <gpxtpx:hr>185</gpxtpx:hr>
      <gpxtpx:cad>77</gpxtpx:cad>
     </gpxtpx:TrackPointExtension>
    </extensions>
   </trkpt>
   <trkpt lat="47.2026640" lon="-1.5634550">
    <ele>19.0</ele>
    <time>2025-04-27T07:27:20Z</time>
    <extensions>
     <power>312</power>
     <gpxtpx:TrackPointExtension>
      <gpxtpx:hr>185</gpxtpx:hr>
      <gpxtpx:cad>77</gpxtpx:cad>
     </gpxtpx:TrackPointExtension>
    </extensions>
   </trkpt>
   <trkpt lat="47.2026940" lon="-1.5634680">
    <ele>19.0</ele>
    <time>2025-04-27T07:27:21Z</time>
    <extensions>
     <power>311</power>
     <gpxtpx:TrackPointExtension>
      <gpxtpx:hr>186</gpxtpx:hr>
      <gpxtpx:cad>77</gpxtpx:cad>
     </gpxtpx:TrackPointExtension>
    </extensions>
   </trkpt>
   <trkpt lat="47.2027230" lon="-1.5634810">
    <ele>19.0</ele>
    <time>2025-04-27T07:27:22Z</time>
    <extensions>
     <power>311</power>
     <gpxtpx:TrackPointExtension>
      <gpxtpx:hr>186</gpxtpx:hr>
      <gpxtpx:cad>77</gpxtpx:cad>
     </gpxtpx:TrackPointExtension>
    </extensions>
   </trkpt>
   <trkpt lat="47.2027530" lon="-1.5634950">
    <ele>19.0</ele>
    <time>2025-04-27T07:27:23Z</time>
    <extensions>
     <power>310</power>
     <gpxtpx:TrackPointExtension>
      <gpxtpx:hr>186</gpxtpx:hr>
      <gpxtpx:cad>77</gpxtpx:cad>
     </gpxtpx:TrackPointExtension>
    </extensions>
   </trkpt>
   <trkpt lat="47.2027830" lon="-1.5635090">
    <ele>19.0</ele>
    <time>2025-04-27T07:27:24Z</time>
    <extensions>
     <power>310</power>
     <gpxtpx:TrackPointExtension>
      <gpxtpx:hr>186</gpxtpx:hr>
      <gpxtpx:cad>77</gpxtpx:cad>
     </gpxtpx:TrackPointExtension>
    </extensions>
   </trkpt>
   <trkpt lat="47.2028130" lon="-1.5635230">
    <ele>19.0</ele>
    <time>2025-04-27T07:27:25Z</time>
    <extensions>
     <power>309</power>
     <gpxtpx:TrackPointExtension>
      <gpxtpx:hr>186</gpxtpx:hr>
      <gpxtpx:cad>77</gpxtpx:cad>
     </gpxtpx:TrackPointExtension>
    </extensions>
   </trkpt>
   <trkpt lat="47.2028430" lon="-1.5635370">
    <ele>19.0</ele>
    <time>2025-04-27T07:27:26Z</time>
    <extensions>
     <power>309</power>
     <gpxtpx:TrackPointExtension>
      <gpxtpx:hr>187</gpxtpx:hr>
      <gpxtpx:cad>78</gpxtpx:cad>
     </gpxtpx:TrackPointExtension>
    </extensions>
   </trkpt>
   <trkpt lat="47.2028730" lon="-1.5635510">
    <ele>19.0</ele>
    <time>2025-04-27T07:27:27Z</time>
    <extensions>
     <power>307</power>
     <gpxtpx:TrackPointExtension>
      <gpxtpx:hr>187</gpxtpx:hr>
      <gpxtpx:cad>78</gpxtpx:cad>
     </gpxtpx:TrackPointExtension>
    </extensions>
   </trkpt>
   <trkpt lat="47.2029030" lon="-1.5635650">
    <ele>19.0</ele>
    <time>2025-04-27T07:27:28Z</time>
    <extensions>
     <power>306</power>
     <gpxtpx:TrackPointExtension>
      <gpxtpx:hr>187</gpxtpx:hr>
      <gpxtpx:cad>78</gpxtpx:cad>
     </gpxtpx:TrackPointExtension>
    </extensions>
   </trkpt>
   <trkpt lat="47.2029330" lon="-1.5635790">
    <ele>19.0</ele>
    <time>2025-04-27T07:27:29Z</time>
    <extensions>
     <power>305</power>
     <gpxtpx:TrackPointExtension>
      <gpxtpx:hr>187</gpxtpx:hr>
      <gpxtpx:cad>78</gpxtpx:cad>
     </gpxtpx:TrackPointExtension>
    </extensions>
   </trkpt>
   <trkpt lat="47.2029630" lon="-1.5635920">
    <ele>19.0</ele>
    <time>2025-04-27T07:27:30Z</time>
    <extensions>
     <power>305</power>
     <gpxtpx:TrackPointExtension>
      <gpxtpx:hr>187</gpxtpx:hr>
      <gpxtpx:cad>78</gpxtpx:cad>
     </gpxtpx:TrackPointExtension>
    </extensions>
   </trkpt>
   <trkpt lat="47.2029940" lon="-1.5636060">
    <ele>19.0</ele>
    <time>2025-04-27T07:27:31Z</time>
    <extensions>
     <power>305</power>
     <gpxtpx:TrackPointExtension>
      <gpxtpx:hr>186</gpxtpx:hr>
      <gpxtpx:cad>78</gpxtpx:cad>
     </gpxtpx:TrackPointExtension>
    </extensions>
   </trkpt>
   <trkpt lat="47.2030260" lon="-1.5636190">
    <ele>19.0</ele>
    <time>2025-04-27T07:27:32Z</time>
    <extensions>
     <power>305</power>
     <gpxtpx:TrackPointExtension>
      <gpxtpx:hr>186</gpxtpx:hr>
      <gpxtpx:cad>78</gpxtpx:cad>
     </gpxtpx:TrackPointExtension>
    </extensions>
   </trkpt>
   <trkpt lat="47.2030580" lon="-1.5636330">
    <ele>19.0</ele>
    <time>2025-04-27T07:27:33Z</time>
    <extensions>
     <power>305</power>
     <gpxtpx:TrackPointExtension>
      <gpxtpx:hr>186</gpxtpx:hr>
      <gpxtpx:cad>78</gpxtpx:cad>
     </gpxtpx:TrackPointExtension>
    </extensions>
   </trkpt>
   <trkpt lat="47.2030890" lon="-1.5636470">
    <ele>19.0</ele>
    <time>2025-04-27T07:27:34Z</time>
    <extensions>
     <power>305</power>
     <gpxtpx:TrackPointExtension>
      <gpxtpx:hr>186</gpxtpx:hr>
      <gpxtpx:cad>79</gpxtpx:cad>
     </gpxtpx:TrackPointExtension>
    </extensions>
   </trkpt>
   <trkpt lat="47.2031210" lon="-1.5636610">
    <ele>19.0</ele>
    <time>2025-04-27T07:27:35Z</time>
    <extensions>
     <power>305</power>
     <gpxtpx:TrackPointExtension>
      <gpxtpx:hr>187</gpxtpx:hr>
      <gpxtpx:cad>78</gpxtpx:cad>
     </gpxtpx:TrackPointExtension>
    </extensions>
   </trkpt>
   <trkpt lat="47.2031510" lon="-1.5636750">
    <ele>19.0</ele>
    <time>2025-04-27T07:27:36Z</time>
    <extensions>
     <power>305</power>
     <gpxtpx:TrackPointExtension>
      <gpxtpx:hr>187</gpxtpx:hr>
      <gpxtpx:cad>78</gpxtpx:cad>
     </gpxtpx:TrackPointExtension>
    </extensions>
   </trkpt>
   <trkpt lat="47.2031820" lon="-1.5636890">
    <ele>19.0</ele>
    <time>2025-04-27T07:27:37Z</time>
    <extensions>
     <power>305</power>
     <gpxtpx:TrackPointExtension>
      <gpxtpx:hr>188</gpxtpx:hr>
      <gpxtpx:cad>78</gpxtpx:cad>
     </gpxtpx:TrackPointExtension>
    </extensions>
   </trkpt>
   <trkpt lat="47.2032130" lon="-1.5637020">
    <ele>19.0</ele>
    <time>2025-04-27T07:27:38Z</time>
    <extensions>
     <power>306</power>
     <gpxtpx:TrackPointExtension>
      <gpxtpx:hr>188</gpxtpx:hr>
      <gpxtpx:cad>78</gpxtpx:cad>
     </gpxtpx:TrackPointExtension>
    </extensions>
   </trkpt>
   <trkpt lat="47.2032440" lon="-1.5637160">
    <ele>19.0</ele>
    <time>2025-04-27T07:27:39Z</time>
    <extensions>
     <power>306</power>
     <gpxtpx:TrackPointExtension>
      <gpxtpx:hr>188</gpxtpx:hr>
      <gpxtpx:cad>78</gpxtpx:cad>
     </gpxtpx:TrackPointExtension>
    </extensions>
   </trkpt>
   <trkpt lat="47.2032760" lon="-1.5637260">
    <ele>19.0</ele>
    <time>2025-04-27T07:27:40Z</time>
    <extensions>
     <power>306</power>
     <gpxtpx:TrackPointExtension>
      <gpxtpx:hr>188</gpxtpx:hr>
      <gpxtpx:cad>78</gpxtpx:cad>
     </gpxtpx:TrackPointExtension>
    </extensions>
   </trkpt>
   <trkpt lat="47.2033070" lon="-1.5637360">
    <ele>19.0</ele>
    <time>2025-04-27T07:27:41Z</time>
    <extensions>
     <power>306</power>
     <gpxtpx:TrackPointExtension>
      <gpxtpx:hr>187</gpxtpx:hr>
      <gpxtpx:cad>78</gpxtpx:cad>
     </gpxtpx:TrackPointExtension>
    </extensions>
   </trkpt>
   <trkpt lat="47.2033410" lon="-1.5637420">
    <ele>19.0</ele>
    <time>2025-04-27T07:27:42Z</time>
    <extensions>
     <power>306</power>
     <gpxtpx:TrackPointExtension>
      <gpxtpx:hr>186</gpxtpx:hr>
      <gpxtpx:cad>78</gpxtpx:cad>
     </gpxtpx:TrackPointExtension>
    </extensions>
   </trkpt>
   <trkpt lat="47.2033740" lon="-1.5637470">
    <ele>19.0</ele>
    <time>2025-04-27T07:27:43Z</time>
    <extensions>
     <power>306</power>
     <gpxtpx:TrackPointExtension>
      <gpxtpx:hr>186</gpxtpx:hr>
      <gpxtpx:cad>78</gpxtpx:cad>
     </gpxtpx:TrackPointExtension>
    </extensions>
   </trkpt>
   <trkpt lat="47.2034090" lon="-1.5637440">
    <ele>19.0</ele>
    <time>2025-04-27T07:27:44Z</time>
    <extensions>
     <power>306</power>
     <gpxtpx:TrackPointExtension>
      <gpxtpx:hr>185</gpxtpx:hr>
      <gpxtpx:cad>79</gpxtpx:cad>
     </gpxtpx:TrackPointExtension>
    </extensions>
   </trkpt>
   <trkpt lat="47.2034450" lon="-1.5637400">
    <ele>19.0</ele>
    <time>2025-04-27T07:27:45Z</time>
    <extensions>
     <power>306</power>
     <gpxtpx:TrackPointExtension>
      <gpxtpx:hr>185</gpxtpx:hr>
      <gpxtpx:cad>79</gpxtpx:cad>
     </gpxtpx:TrackPointExtension>
    </extensions>
   </trkpt>
   <trkpt lat="47.2034800" lon="-1.5637240">
    <ele>19.0</ele>
    <time>2025-04-27T07:27:46Z</time>
    <extensions>
     <power>307</power>
     <gpxtpx:TrackPointExtension>
      <gpxtpx:hr>185</gpxtpx:hr>
      <gpxtpx:cad>79</gpxtpx:cad>
     </gpxtpx:TrackPointExtension>
    </extensions>
   </trkpt>
   <trkpt lat="47.2035150" lon="-1.5637070">
    <ele>19.0</ele>
    <time>2025-04-27T07:27:47Z</time>
    <extensions>
     <power>308</power>
     <gpxtpx:TrackPointExtension>
      <gpxtpx:hr>185</gpxtpx:hr>
      <gpxtpx:cad>79</gpxtpx:cad>
     </gpxtpx:TrackPointExtension>
    </extensions>
   </trkpt>
   <trkpt lat="47.2035470" lon="-1.5636750">
    <ele>19.0</ele>
    <time>2025-04-27T07:27:48Z</time>
    <extensions>
     <power>309</power>
     <gpxtpx:TrackPointExtension>
      <gpxtpx:hr>184</gpxtpx:hr>
      <gpxtpx:cad>79</gpxtpx:cad>
     </gpxtpx:TrackPointExtension>
    </extensions>
   </trkpt>
   <trkpt lat="47.2035790" lon="-1.5636440">
    <ele>19.0</ele>
    <time>2025-04-27T07:27:49Z</time>
    <extensions>
     <power>311</power>
     <gpxtpx:TrackPointExtension>
      <gpxtpx:hr>184</gpxtpx:hr>
      <gpxtpx:cad>79</gpxtpx:cad>
     </gpxtpx:TrackPointExtension>
    </extensions>
   </trkpt>
   <trkpt lat="47.2036040" lon="-1.5636000">
    <ele>19.0</ele>
    <time>2025-04-27T07:27:50Z</time>
    <extensions>
     <power>313</power>
     <gpxtpx:TrackPointExtension>
      <gpxtpx:hr>184</gpxtpx:hr>
      <gpxtpx:cad>79</gpxtpx:cad>
     </gpxtpx:TrackPointExtension>
    </extensions>
   </trkpt>
   <trkpt lat="47.2036280" lon="-1.5635570">
    <ele>19.0</ele>
    <time>2025-04-27T07:27:51Z</time>
    <extensions>
     <power>315</power>
     <gpxtpx:TrackPointExtension>
      <gpxtpx:hr>185</gpxtpx:hr>
      <gpxtpx:cad>79</gpxtpx:cad>
     </gpxtpx:TrackPointExtension>
    </extensions>
   </trkpt>
   <trkpt lat="47.2036460" lon="-1.5635050">
    <ele>19.0</ele>
    <time>2025-04-27T07:27:52Z</time>
    <extensions>
     <power>317</power>
     <gpxtpx:TrackPointExtension>
      <gpxtpx:hr>185</gpxtpx:hr>
      <gpxtpx:cad>79</gpxtpx:cad>
     </gpxtpx:TrackPointExtension>
    </extensions>
   </trkpt>
   <trkpt lat="47.2036640" lon="-1.5634540">
    <ele>19.0</ele>
    <time>2025-04-27T07:27:53Z</time>
    <extensions>
     <power>319</power>
     <gpxtpx:TrackPointExtension>
      <gpxtpx:hr>185</gpxtpx:hr>
      <gpxtpx:cad>79</gpxtpx:cad>
     </gpxtpx:TrackPointExtension>
    </extensions>
   </trkpt>
   <trkpt lat="47.2036770" lon="-1.5634000">
    <ele>19.0</ele>
    <time>2025-04-27T07:27:54Z</time>
    <extensions>
     <power>322</power>
     <gpxtpx:TrackPointExtension>
      <gpxtpx:hr>185</gpxtpx:hr>
      <gpxtpx:cad>79</gpxtpx:cad>
     </gpxtpx:TrackPointExtension>
    </extensions>
   </trkpt>
   <trkpt lat="47.2036900" lon="-1.5633450">
    <ele>19.0</ele>
    <time>2025-04-27T07:27:55Z</time>
    <extensions>
     <power>324</power>
     <gpxtpx:TrackPointExtension>
      <gpxtpx:hr>186</gpxtpx:hr>
      <gpxtpx:cad>79</gpxtpx:cad>
     </gpxtpx:TrackPointExtension>
    </extensions>
   </trkpt>
   <trkpt lat="47.2037010" lon="-1.5632900">
    <ele>19.0</ele>
    <time>2025-04-27T07:27:56Z</time>
    <extensions>
     <power>326</power>
     <gpxtpx:TrackPointExtension>
      <gpxtpx:hr>186</gpxtpx:hr>
      <gpxtpx:cad>79</gpxtpx:cad>
     </gpxtpx:TrackPointExtension>
    </extensions>
   </trkpt>
   <trkpt lat="47.2037110" lon="-1.5632350">
    <ele>19.0</ele>
    <time>2025-04-27T07:27:57Z</time>
    <extensions>
     <power>327</power>
     <gpxtpx:TrackPointExtension>
      <gpxtpx:hr>186</gpxtpx:hr>
      <gpxtpx:cad>79</gpxtpx:cad>
     </gpxtpx:TrackPointExtension>
    </extensions>
   </trkpt>
   <trkpt lat="47.2037200" lon="-1.5631810">
    <ele>19.0</ele>
    <time>2025-04-27T07:27:58Z</time>
    <extensions>
     <power>329</power>
     <gpxtpx:TrackPointExtension>
      <gpxtpx:hr>186</gpxtpx:hr>
      <gpxtpx:cad>79</gpxtpx:cad>
     </gpxtpx:TrackPointExtension>
    </extensions>
   </trkpt>
   <trkpt lat="47.2037280" lon="-1.5631270">
    <ele>19.0</ele>
    <time>2025-04-27T07:27:59Z</time>
    <extensions>
     <power>330</power>
     <gpxtpx:TrackPointExtension>
      <gpxtpx:hr>186</gpxtpx:hr>
      <gpxtpx:cad>79</gpxtpx:cad>
     </gpxtpx:TrackPointExtension>
    </extensions>
   </trkpt>
   <trkpt lat="47.2037350" lon="-1.5630740">
    <ele>19.0</ele>
    <time>2025-04-27T07:28:00Z</time>
    <extensions>
     <power>331</power>
     <gpxtpx:TrackPointExtension>
      <gpxtpx:hr>186</gpxtpx:hr>
      <gpxtpx:cad>79</gpxtpx:cad>
     </gpxtpx:TrackPointExtension>
    </extensions>
   </trkpt>
   <trkpt lat="47.2037420" lon="-1.5630210">
    <ele>18.0</ele>
    <time>2025-04-27T07:28:01Z</time>
    <extensions>
     <power>331</power>
     <gpxtpx:TrackPointExtension>
      <gpxtpx:hr>186</gpxtpx:hr>
      <gpxtpx:cad>79</gpxtpx:cad>
     </gpxtpx:TrackPointExtension>
    </extensions>
   </trkpt>
   <trkpt lat="47.2037490" lon="-1.5629690">
    <ele>18.0</ele>
    <time>2025-04-27T07:28:02Z</time>
    <extensions>
     <power>332</power>
     <gpxtpx:TrackPointExtension>
      <gpxtpx:hr>186</gpxtpx:hr>
      <gpxtpx:cad>79</gpxtpx:cad>
     </gpxtpx:TrackPointExtension>
    </extensions>
   </trkpt>
   <trkpt lat="47.2037560" lon="-1.5629170">
    <ele>18.0</ele>
    <time>2025-04-27T07:28:03Z</time>
    <extensions>
     <power>332</power>
     <gpxtpx:TrackPointExtension>
      <gpxtpx:hr>187</gpxtpx:hr>
      <gpxtpx:cad>79</gpxtpx:cad>
     </gpxtpx:TrackPointExtension>
    </extensions>
   </trkpt>
   <trkpt lat="47.2037640" lon="-1.5628660">
    <ele>18.0</ele>
    <time>2025-04-27T07:28:04Z</time>
    <extensions>
     <power>333</power>
     <gpxtpx:TrackPointExtension>
      <gpxtpx:hr>187</gpxtpx:hr>
      <gpxtpx:cad>79</gpxtpx:cad>
     </gpxtpx:TrackPointExtension>
    </extensions>
   </trkpt>
   <trkpt lat="47.2037720" lon="-1.5628150">
    <ele>18.0</ele>
    <time>2025-04-27T07:28:05Z</time>
    <extensions>
     <power>333</power>
     <gpxtpx:TrackPointExtension>
      <gpxtpx:hr>187</gpxtpx:hr>
      <gpxtpx:cad>79</gpxtpx:cad>
     </gpxtpx:TrackPointExtension>
    </extensions>
   </trkpt>
   <trkpt lat="47.2037790" lon="-1.5627660">
    <ele>18.0</ele>
    <time>2025-04-27T07:28:06Z</time>
    <extensions>
     <power>333</power>
     <gpxtpx:TrackPointExtension>
      <gpxtpx:hr>187</gpxtpx:hr>
      <gpxtpx:cad>79</gpxtpx:cad>
     </gpxtpx:TrackPointExtension>
    </extensions>
   </trkpt>
   <trkpt lat="47.2037850" lon="-1.5627160">
    <ele>18.0</ele>
    <time>2025-04-27T07:28:07Z</time>
    <extensions>
     <power>333</power>
     <gpxtpx:TrackPointExtension>
      <gpxtpx:hr>187</gpxtpx:hr>
      <gpxtpx:cad>79</gpxtpx:cad>
     </gpxtpx:TrackPointExtension>
    </extensions>
   </trkpt>
   <trkpt lat="47.2037890" lon="-1.5626730">
    <ele>18.0</ele>
    <time>2025-04-27T07:28:08Z</time>
    <extensions>
     <power>333</power>
     <gpxtpx:TrackPointExtension>
      <gpxtpx:hr>187</gpxtpx:hr>
      <gpxtpx:cad>79</gpxtpx:cad>
     </gpxtpx:TrackPointExtension>
    </extensions>
   </trkpt>
   <trkpt lat="47.2037940" lon="-1.5626300">
    <ele>18.0</ele>
    <time>2025-04-27T07:28:09Z</time>
    <extensions>
     <power>333</power>
     <gpxtpx:TrackPointExtension>
      <gpxtpx:hr>187</gpxtpx:hr>
      <gpxtpx:cad>78</gpxtpx:cad>
     </gpxtpx:TrackPointExtension>
    </extensions>
   </trkpt>
   <trkpt lat="47.2038040" lon="-1.5626020">
    <ele>18.0</ele>
    <time>2025-04-27T07:28:10Z</time>
    <extensions>
     <power>334</power>
     <gpxtpx:TrackPointExtension>
      <gpxtpx:hr>188</gpxtpx:hr>
      <gpxtpx:cad>78</gpxtpx:cad>
     </gpxtpx:TrackPointExtension>
    </extensions>
   </trkpt>
   <trkpt lat="47.2038150" lon="-1.5625740">
    <ele>18.0</ele>
    <time>2025-04-27T07:28:11Z</time>
    <extensions>
     <power>329</power>
     <gpxtpx:TrackPointExtension>
      <gpxtpx:hr>188</gpxtpx:hr>
      <gpxtpx:cad>78</gpxtpx:cad>
     </gpxtpx:TrackPointExtension>
    </extensions>
   </trkpt>
   <trkpt lat="47.2038350" lon="-1.5625640">
    <ele>18.0</ele>
    <time>2025-04-27T07:28:12Z</time>
    <extensions>
     <power>324</power>
     <gpxtpx:TrackPointExtension>
      <gpxtpx:hr>187</gpxtpx:hr>
      <gpxtpx:cad>79</gpxtpx:cad>
     </gpxtpx:TrackPointExtension>
    </extensions>
   </trkpt>
   <trkpt lat="47.2038550" lon="-1.5625530">
    <ele>18.0</ele>
    <time>2025-04-27T07:28:13Z</time>
    <extensions>
     <power>315</power>
     <gpxtpx:TrackPointExtension>
      <gpxtpx:hr>187</gpxtpx:hr>
      <gpxtpx:cad>79</gpxtpx:cad>
     </gpxtpx:TrackPointExtension>
    </extensions>
   </trkpt>
   <trkpt lat="47.2038840" lon="-1.5625560">
    <ele>18.0</ele>
    <time>2025-04-27T07:28:14Z</time>
    <extensions>
     <power>306</power>
     <gpxtpx:TrackPointExtension>
      <gpxtpx:hr>187</gpxtpx:hr>
      <gpxtpx:cad>79</gpxtpx:cad>
     </gpxtpx:TrackPointExtension>
    </extensions>
   </trkpt>
   <trkpt lat="47.2039130" lon="-1.5625580">
    <ele>18.0</ele>
    <time>2025-04-27T07:28:15Z</time>
    <extensions>
     <power>299</power>
     <gpxtpx:TrackPointExtension>
      <gpxtpx:hr>187</gpxtpx:hr>
      <gpxtpx:cad>79</gpxtpx:cad>
     </gpxtpx:TrackPointExtension>
    </extensions>
   </trkpt>
   <trkpt lat="47.2039470" lon="-1.5625680">
    <ele>18.0</ele>
    <time>2025-04-27T07:28:16Z</time>
    <extensions>
     <power>293</power>
     <gpxtpx:TrackPointExtension>
      <gpxtpx:hr>187</gpxtpx:hr>
      <gpxtpx:cad>79</gpxtpx:cad>
     </gpxtpx:TrackPointExtension>
    </extensions>
   </trkpt>
   <trkpt lat="47.2039800" lon="-1.5625780">
    <ele>18.0</ele>
    <time>2025-04-27T07:28:17Z</time>
    <extensions>
     <power>288</power>
     <gpxtpx:TrackPointExtension>
      <gpxtpx:hr>186</gpxtpx:hr>
      <gpxtpx:cad>79</gpxtpx:cad>
     </gpxtpx:TrackPointExtension>
    </extensions>
   </trkpt>
   <trkpt lat="47.2040150" lon="-1.5625940">
    <ele>18.0</ele>
    <time>2025-04-27T07:28:18Z</time>
    <extensions>
     <power>284</power>
     <gpxtpx:TrackPointExtension>
      <gpxtpx:hr>186</gpxtpx:hr>
      <gpxtpx:cad>79</gpxtpx:cad>
     </gpxtpx:TrackPointExtension>
    </extensions>
   </trkpt>
   <trkpt lat="47.2040500" lon="-1.5626110">
    <ele>18.0</ele>
    <time>2025-04-27T07:28:19Z</time>
    <extensions>
     <power>285</power>
     <gpxtpx:TrackPointExtension>
      <gpxtpx:hr>186</gpxtpx:hr>
      <gpxtpx:cad>79</gpxtpx:cad>
     </gpxtpx:TrackPointExtension>
    </extensions>
   </trkpt>
   <trkpt lat="47.2040850" lon="-1.5626270">
    <ele>18.0</ele>
    <time>2025-04-27T07:28:20Z</time>
    <extensions>
     <power>286</power>
     <gpxtpx:TrackPointExtension>
      <gpxtpx:hr>185</gpxtpx:hr>
      <gpxtpx:cad>79</gpxtpx:cad>
     </gpxtpx:TrackPointExtension>
    </extensions>
   </trkpt>
   <trkpt lat="47.2041210" lon="-1.5626440">
    <ele>18.0</ele>
    <time>2025-04-27T07:28:21Z</time>
    <extensions>
     <power>291</power>
     <gpxtpx:TrackPointExtension>
      <gpxtpx:hr>185</gpxtpx:hr>
      <gpxtpx:cad>79</gpxtpx:cad>
     </gpxtpx:TrackPointExtension>
    </extensions>
   </trkpt>
   <trkpt lat="47.2041560" lon="-1.5626550">
    <ele>18.0</ele>
    <time>2025-04-27T07:28:22Z</time>
    <extensions>
     <power>296</power>
     <gpxtpx:TrackPointExtension>
      <gpxtpx:hr>184</gpxtpx:hr>
      <gpxtpx:cad>80</gpxtpx:cad>
     </gpxtpx:TrackPointExtension>
    </extensions>
   </trkpt>
   <trkpt lat="47.2041910" lon="-1.5626660">
    <ele>18.0</ele>
    <time>2025-04-27T07:28:23Z</time>
    <extensions>
     <power>300</power>
     <gpxtpx:TrackPointExtension>
      <gpxtpx:hr>184</gpxtpx:hr>
      <gpxtpx:cad>80</gpxtpx:cad>
     </gpxtpx:TrackPointExtension>
    </extensions>
   </trkpt>
   <trkpt lat="47.2042240" lon="-1.5626630">
    <ele>18.0</ele>
    <time>2025-04-27T07:28:24Z</time>
    <extensions>
     <power>305</power>
     <gpxtpx:TrackPointExtension>
      <gpxtpx:hr>183</gpxtpx:hr>
      <gpxtpx:cad>80</gpxtpx:cad>
     </gpxtpx:TrackPointExtension>
    </extensions>
   </trkpt>
   <trkpt lat="47.2042570" lon="-1.5626610">
    <ele>18.0</ele>
    <time>2025-04-27T07:28:25Z</time>
    <extensions>
     <power>308</power>
     <gpxtpx:TrackPointExtension>
      <gpxtpx:hr>183</gpxtpx:hr>
      <gpxtpx:cad>80</gpxtpx:cad>
     </gpxtpx:TrackPointExtension>
    </extensions>
   </trkpt>
   <trkpt lat="47.2042870" lon="-1.5626390">
    <ele>18.0</ele>
    <time>2025-04-27T07:28:26Z</time>
    <extensions>
     <power>312</power>
     <gpxtpx:TrackPointExtension>
      <gpxtpx:hr>182</gpxtpx:hr>
      <gpxtpx:cad>80</gpxtpx:cad>
     </gpxtpx:TrackPointExtension>
    </extensions>
   </trkpt>
   <trkpt lat="47.2043170" lon="-1.5626170">
    <ele>18.0</ele>
    <time>2025-04-27T07:28:27Z</time>
    <extensions>
     <power>313</power>
     <gpxtpx:TrackPointExtension>
      <gpxtpx:hr>182</gpxtpx:hr>
      <gpxtpx:cad>79</gpxtpx:cad>
     </gpxtpx:TrackPointExtension>
    </extensions>
   </trkpt>
   <trkpt lat="47.2043440" lon="-1.5625810">
    <ele>18.0</ele>
    <time>2025-04-27T07:28:28Z</time>
    <extensions>
     <power>314</power>
     <gpxtpx:TrackPointExtension>
      <gpxtpx:hr>181</gpxtpx:hr>
      <gpxtpx:cad>79</gpxtpx:cad>
     </gpxtpx:TrackPointExtension>
    </extensions>
   </trkpt>
   <trkpt lat="47.2043710" lon="-1.5625450">
    <ele>18.0</ele>
    <time>2025-04-27T07:28:29Z</time>
    <extensions>
     <power>315</power>
     <gpxtpx:TrackPointExtension>
      <gpxtpx:hr>181</gpxtpx:hr>
      <gpxtpx:cad>79</gpxtpx:cad>
     </gpxtpx:TrackPointExtension>
    </extensions>
   </trkpt>
   <trkpt lat="47.2043980" lon="-1.5625000">
    <ele>18.0</ele>
    <time>2025-04-27T07:28:30Z</time>
    <extensions>
     <power>316</power>
     <gpxtpx:TrackPointExtension>
      <gpxtpx:hr>180</gpxtpx:hr>
      <gpxtpx:cad>79</gpxtpx:cad>
     </gpxtpx:TrackPointExtension>
    </extensions>
   </trkpt>
   <trkpt lat="47.2044250" lon="-1.5624540">
    <ele>18.0</ele>
    <time>2025-04-27T07:28:31Z</time>
    <extensions>
     <power>318</power>
     <gpxtpx:TrackPointExtension>
      <gpxtpx:hr>180</gpxtpx:hr>
      <gpxtpx:cad>79</gpxtpx:cad>
     </gpxtpx:TrackPointExtension>
    </extensions>
   </trkpt>
   <trkpt lat="47.2044500" lon="-1.5624020">
    <ele>18.0</ele>
    <time>2025-04-27T07:28:32Z</time>
    <extensions>
     <power>320</power>
     <gpxtpx:TrackPointExtension>
      <gpxtpx:hr>179</gpxtpx:hr>
      <gpxtpx:cad>79</gpxtpx:cad>
     </gpxtpx:TrackPointExtension>
    </extensions>
   </trkpt>
   <trkpt lat="47.2044740" lon="-1.5623500">
    <ele>18.0</ele>
    <time>2025-04-27T07:28:33Z</time>
    <extensions>
     <power>322</power>
     <gpxtpx:TrackPointExtension>
      <gpxtpx:hr>179</gpxtpx:hr>
      <gpxtpx:cad>80</gpxtpx:cad>
     </gpxtpx:TrackPointExtension>
    </extensions>
   </trkpt>
   <trkpt lat="47.2044940" lon="-1.5622920">
    <ele>18.0</ele>
    <time>2025-04-27T07:28:34Z</time>
    <extensions>
     <power>324</power>
     <gpxtpx:TrackPointExtension>
      <gpxtpx:hr>178</gpxtpx:hr>
      <gpxtpx:cad>81</gpxtpx:cad>
     </gpxtpx:TrackPointExtension>
    </extensions>
   </trkpt>
   <trkpt lat="47.2045130" lon="-1.5622340">
    <ele>18.0</ele>
    <time>2025-04-27T07:28:35Z</time>
    <extensions>
     <power>327</power>
     <gpxtpx:TrackPointExtension>
      <gpxtpx:hr>178</gpxtpx:hr>
      <gpxtpx:cad>81</gpxtpx:cad>
     </gpxtpx:TrackPointExtension>
    </extensions>
   </trkpt>
   <trkpt lat="47.2045260" lon="-1.5621750">
    <ele>18.0</ele>
    <time>2025-04-27T07:28:36Z</time>
    <extensions>
     <power>330</power>
     <gpxtpx:TrackPointExtension>
      <gpxtpx:hr>177</gpxtpx:hr>
      <gpxtpx:cad>81</gpxtpx:cad>
     </gpxtpx:TrackPointExtension>
    </extensions>
   </trkpt>
   <trkpt lat="47.2045390" lon="-1.5621160">
    <ele>18.0</ele>
    <time>2025-04-27T07:28:37Z</time>
    <extensions>
     <power>333</power>
     <gpxtpx:TrackPointExtension>
      <gpxtpx:hr>177</gpxtpx:hr>
      <gpxtpx:cad>80</gpxtpx:cad>
     </gpxtpx:TrackPointExtension>
    </extensions>
   </trkpt>
   <trkpt lat="47.2045500" lon="-1.5620580">
    <ele>18.0</ele>
    <time>2025-04-27T07:28:38Z</time>
    <extensions>
     <power>337</power>
     <gpxtpx:TrackPointExtension>
      <gpxtpx:hr>176</gpxtpx:hr>
      <gpxtpx:cad>80</gpxtpx:cad>
     </gpxtpx:TrackPointExtension>
    </extensions>
   </trkpt>
   <trkpt lat="47.2045610" lon="-1.5619990">
    <ele>18.0</ele>
    <time>2025-04-27T07:28:39Z</time>
    <extensions>
     <power>339</power>
     <gpxtpx:TrackPointExtension>
      <gpxtpx:hr>176</gpxtpx:hr>
      <gpxtpx:cad>79</gpxtpx:cad>
     </gpxtpx:TrackPointExtension>
    </extensions>
   </trkpt>
   <trkpt lat="47.2045720" lon="-1.5619450">
    <ele>18.0</ele>
    <time>2025-04-27T07:28:40Z</time>
    <extensions>
     <power>342</power>
     <gpxtpx:TrackPointExtension>
      <gpxtpx:hr>175</gpxtpx:hr>
      <gpxtpx:cad>79</gpxtpx:cad>
     </gpxtpx:TrackPointExtension>
    </extensions>
   </trkpt>
   <trkpt lat="47.2045840" lon="-1.5618900">
    <ele>18.0</ele>
    <time>2025-04-27T07:28:41Z</time>
    <extensions>
     <power>344</power>
     <gpxtpx:TrackPointExtension>
      <gpxtpx:hr>175</gpxtpx:hr>
      <gpxtpx:cad>79</gpxtpx:cad>
     </gpxtpx:TrackPointExtension>
    </extensions>
   </trkpt>
   <trkpt lat="47.2045970" lon="-1.5618410">
    <ele>18.0</ele>
    <time>2025-04-27T07:28:42Z</time>
    <extensions>
     <power>346</power>
     <gpxtpx:TrackPointExtension>
      <gpxtpx:hr>174</gpxtpx:hr>
      <gpxtpx:cad>79</gpxtpx:cad>
     </gpxtpx:TrackPointExtension>
    </extensions>
   </trkpt>
   <trkpt lat="47.2046090" lon="-1.5617910">
    <ele>18.0</ele>
    <time>2025-04-27T07:28:43Z</time>
    <extensions>
     <power>347</power>
     <gpxtpx:TrackPointExtension>
      <gpxtpx:hr>174</gpxtpx:hr>
      <gpxtpx:cad>78</gpxtpx:cad>
     </gpxtpx:TrackPointExtension>
    </extensions>
   </trkpt>
   <trkpt lat="47.2046250" lon="-1.5617490">
    <ele>18.0</ele>
    <time>2025-04-27T07:28:44Z</time>
    <extensions>
     <power>348</power>
     <gpxtpx:TrackPointExtension>
      <gpxtpx:hr>173</gpxtpx:hr>
      <gpxtpx:cad>78</gpxtpx:cad>
     </gpxtpx:TrackPointExtension>
    </extensions>
   </trkpt>
   <trkpt lat="47.2046400" lon="-1.5617080">
    <ele>18.0</ele>
    <time>2025-04-27T07:28:45Z</time>
    <extensions>
     <power>350</power>
     <gpxtpx:TrackPointExtension>
      <gpxtpx:hr>173</gpxtpx:hr>
      <gpxtpx:cad>78</gpxtpx:cad>
     </gpxtpx:TrackPointExtension>
    </extensions>
   </trkpt>
   <trkpt lat="47.2046650" lon="-1.5616840">
    <ele>18.0</ele>
    <time>2025-04-27T07:28:46Z</time>
    <extensions>
     <power>353</power>
     <gpxtpx:TrackPointExtension>
      <gpxtpx:hr>172</gpxtpx:hr>
      <gpxtpx:cad>78</gpxtpx:cad>
     </gpxtpx:TrackPointExtension>
    </extensions>
   </trkpt>
   <trkpt lat="47.2046900" lon="-1.5616610">
    <ele>18.0</ele>
    <time>2025-04-27T07:28:47Z</time>
    <extensions>
     <power>350</power>
     <gpxtpx:TrackPointExtension>
      <gpxtpx:hr>172</gpxtpx:hr>
      <gpxtpx:cad>78</gpxtpx:cad>
     </gpxtpx:TrackPointExtension>
    </extensions>
   </trkpt>
   <trkpt lat="47.2047240" lon="-1.5616560">
    <ele>18.0</ele>
    <time>2025-04-27T07:28:48Z</time>
    <extensions>
     <power>348</power>
     <gpxtpx:TrackPointExtension>
      <gpxtpx:hr>171</gpxtpx:hr>
      <gpxtpx:cad>78</gpxtpx:cad>
     </gpxtpx:TrackPointExtension>
    </extensions>
   </trkpt>
   <trkpt lat="47.2047580" lon="-1.5616510">
    <ele>18.0</ele>
    <time>2025-04-27T07:28:49Z</time>
    <extensions>
     <power>344</power>
     <gpxtpx:TrackPointExtension>
      <gpxtpx:hr>171</gpxtpx:hr>
      <gpxtpx:cad>78</gpxtpx:cad>
     </gpxtpx:TrackPointExtension>
    </extensions>
   </trkpt>
   <trkpt lat="47.2047960" lon="-1.5616590">
    <ele>19.0</ele>
    <time>2025-04-27T07:28:50Z</time>
    <extensions>
     <power>341</power>
     <gpxtpx:TrackPointExtension>
      <gpxtpx:hr>170</gpxtpx:hr>
      <gpxtpx:cad>78</gpxtpx:cad>
     </gpxtpx:TrackPointExtension>
    </extensions>
   </trkpt>
   <trkpt lat="47.2048330" lon="-1.5616660">
    <ele>19.0</ele>
    <time>2025-04-27T07:28:51Z</time>
    <extensions>
     <power>340</power>
     <gpxtpx:TrackPointExtension>
      <gpxtpx:hr>170</gpxtpx:hr>
      <gpxtpx:cad>78</gpxtpx:cad>
     </gpxtpx:TrackPointExtension>
    </extensions>
   </trkpt>
   <trkpt lat="47.2048700" lon="-1.5616760">
    <ele>19.0</ele>
    <time>2025-04-27T07:28:52Z</time>
    <extensions>
     <power>339</power>
     <gpxtpx:TrackPointExtension>
      <gpxtpx:hr>169</gpxtpx:hr>
      <gpxtpx:cad>79</gpxtpx:cad>
     </gpxtpx:TrackPointExtension>
    </extensions>
   </trkpt>
   <trkpt lat="47.2049060" lon="-1.5616870">
    <ele>19.0</ele>
    <time>2025-04-27T07:28:53Z</time>
    <extensions>
     <power>339</power>
     <gpxtpx:TrackPointExtension>
      <gpxtpx:hr>169</gpxtpx:hr>
      <gpxtpx:cad>78</gpxtpx:cad>
     </gpxtpx:TrackPointExtension>
    </extensions>
   </trkpt>
   <trkpt lat="47.2049420" lon="-1.5616960">
    <ele>19.0</ele>
    <time>2025-04-27T07:28:54Z</time>
    <extensions>
     <power>339</power>
     <gpxtpx:TrackPointExtension>
      <gpxtpx:hr>168</gpxtpx:hr>
      <gpxtpx:cad>78</gpxtpx:cad>
     </gpxtpx:TrackPointExtension>
    </extensions>
   </trkpt>
   <trkpt lat="47.2049770" lon="-1.5617060">
    <ele>19.0</ele>
    <time>2025-04-27T07:28:55Z</time>
    <extensions>
     <power>339</power>
     <gpxtpx:TrackPointExtension>
      <gpxtpx:hr>168</gpxtpx:hr>
      <gpxtpx:cad>78</gpxtpx:cad>
     </gpxtpx:TrackPointExtension>
    </extensions>
   </trkpt>
   <trkpt lat="47.2050120" lon="-1.5617140">
    <ele>19.0</ele>
    <time>2025-04-27T07:28:56Z</time>
    <extensions>
     <power>340</power>
     <gpxtpx:TrackPointExtension>
      <gpxtpx:hr>167</gpxtpx:hr>
      <gpxtpx:cad>78</gpxtpx:cad>
     </gpxtpx:TrackPointExtension>
    </extensions>
   </trkpt>
   <trkpt lat="47.2050470" lon="-1.5617220">
    <ele>19.0</ele>
    <time>2025-04-27T07:28:57Z</time>
    <extensions>
     <power>339</power>
     <gpxtpx:TrackPointExtension>
      <gpxtpx:hr>166</gpxtpx:hr>
      <gpxtpx:cad>77</gpxtpx:cad>
     </gpxtpx:TrackPointExtension>
    </extensions>
   </trkpt>
   <trkpt lat="47.2050810" lon="-1.5617280">
    <ele>19.0</ele>
    <time>2025-04-27T07:28:58Z</time>
    <extensions>
     <power>339</power>
     <gpxtpx:TrackPointExtension>
      <gpxtpx:hr>166</gpxtpx:hr>
      <gpxtpx:cad>77</gpxtpx:cad>
     </gpxtpx:TrackPointExtension>
    </extensions>
   </trkpt>
   <trkpt lat="47.2051160" lon="-1.5617350">
    <ele>19.0</ele>
    <time>2025-04-27T07:28:59Z</time>
    <extensions>
     <power>339</power>
     <gpxtpx:TrackPointExtension>
      <gpxtpx:hr>165</gpxtpx:hr>
      <gpxtpx:cad>77</gpxtpx:cad>
     </gpxtpx:TrackPointExtension>
    </extensions>
   </trkpt>
   <trkpt lat="47.2051470" lon="-1.5617420">
    <ele>19.0</ele>
    <time>2025-04-27T07:29:00Z</time>
    <extensions>
     <power>339</power>
     <gpxtpx:TrackPointExtension>
      <gpxtpx:hr>165</gpxtpx:hr>
      <gpxtpx:cad>77</gpxtpx:cad>
     </gpxtpx:TrackPointExtension>
    </extensions>
   </trkpt>
   <trkpt lat="47.2051780" lon="-1.5617490">
    <ele>18.0</ele>
    <time>2025-04-27T07:29:01Z</time>
    <extensions>
     <power>339</power>
     <gpxtpx:TrackPointExtension>
      <gpxtpx:hr>164</gpxtpx:hr>
      <gpxtpx:cad>77</gpxtpx:cad>
     </gpxtpx:TrackPointExtension>
    </extensions>
   </trkpt>
   <trkpt lat="47.2052070" lon="-1.5617540">
    <ele>18.0</ele>
    <time>2025-04-27T07:29:02Z</time>
    <extensions>
     <power>339</power>
     <gpxtpx:TrackPointExtension>
      <gpxtpx:hr>163</gpxtpx:hr>
      <gpxtpx:cad>77</gpxtpx:cad>
     </gpxtpx:TrackPointExtension>
    </extensions>
   </trkpt>
   <trkpt lat="47.2052350" lon="-1.5617590">
    <ele>18.0</ele>
    <time>2025-04-27T07:29:03Z</time>
    <extensions>
     <power>338</power>
     <gpxtpx:TrackPointExtension>
      <gpxtpx:hr>162</gpxtpx:hr>
      <gpxtpx:cad>76</gpxtpx:cad>
     </gpxtpx:TrackPointExtension>
    </extensions>
   </trkpt>
   <trkpt lat="47.2052640" lon="-1.5617650">
    <ele>18.0</ele>
    <time>2025-04-27T07:29:04Z</time>
    <extensions>
     <power>337</power>
     <gpxtpx:TrackPointExtension>
      <gpxtpx:hr>162</gpxtpx:hr>
      <gpxtpx:cad>76</gpxtpx:cad>
     </gpxtpx:TrackPointExtension>
    </extensions>
   </trkpt>
   <trkpt lat="47.2052930" lon="-1.5617710">
    <ele>18.0</ele>
    <time>2025-04-27T07:29:05Z</time>
    <extensions>
     <power>336</power>
     <gpxtpx:TrackPointExtension>
      <gpxtpx:hr>161</gpxtpx:hr>
      <gpxtpx:cad>76</gpxtpx:cad>
     </gpxtpx:TrackPointExtension>
    </extensions>
   </trkpt>
   <trkpt lat="47.2053250" lon="-1.5617790">
    <ele>18.0</ele>
    <time>2025-04-27T07:29:06Z</time>
    <extensions>
     <power>336</power>
     <gpxtpx:TrackPointExtension>
      <gpxtpx:hr>161</gpxtpx:hr>
      <gpxtpx:cad>77</gpxtpx:cad>
     </gpxtpx:TrackPointExtension>
    </extensions>
   </trkpt>
   <trkpt lat="47.2053560" lon="-1.5617860">
    <ele>18.0</ele>
    <time>2025-04-27T07:29:07Z</time>
    <extensions>
     <power>335</power>
     <gpxtpx:TrackPointExtension>
      <gpxtpx:hr>160</gpxtpx:hr>
      <gpxtpx:cad>77</gpxtpx:cad>
     </gpxtpx:TrackPointExtension>
    </extensions>
   </trkpt>
   <trkpt lat="47.2053910" lon="-1.5617920">
    <ele>18.0</ele>
    <time>2025-04-27T07:29:08Z</time>
    <extensions>
     <power>335</power>
     <gpxtpx:TrackPointExtension>
      <gpxtpx:hr>160</gpxtpx:hr>
      <gpxtpx:cad>77</gpxtpx:cad>
     </gpxtpx:TrackPointExtension>
    </extensions>
   </trkpt>
   <trkpt lat="47.2054250" lon="-1.5617990">
    <ele>18.0</ele>
    <time>2025-04-27T07:29:09Z</time>
    <extensions>
     <power>335</power>
     <gpxtpx:TrackPointExtension>
      <gpxtpx:hr>159</gpxtpx:hr>
      <gpxtpx:cad>77</gpxtpx:cad>
     </gpxtpx:TrackPointExtension>
    </extensions>
   </trkpt>
   <trkpt lat="47.2054600" lon="-1.5618040">
    <ele>18.0</ele>
    <time>2025-04-27T07:29:10Z</time>
    <extensions>
     <power>335</power>
     <gpxtpx:TrackPointExtension>
      <gpxtpx:hr>159</gpxtpx:hr>
      <gpxtpx:cad>78</gpxtpx:cad>
     </gpxtpx:TrackPointExtension>
    </extensions>
   </trkpt>
   <trkpt lat="47.2054950" lon="-1.5618100">
    <ele>18.0</ele>
    <time>2025-04-27T07:29:11Z</time>
    <extensions>
     <power>335</power>
     <gpxtpx:TrackPointExtension>
      <gpxtpx:hr>159</gpxtpx:hr>
      <gpxtpx:cad>78</gpxtpx:cad>
     </gpxtpx:TrackPointExtension>
    </extensions>
   </trkpt>
   <trkpt lat="47.2055290" lon="-1.5618140">
    <ele>18.0</ele>
    <time>2025-04-27T07:29:12Z</time>
    <extensions>
     <power>335</power>
     <gpxtpx:TrackPointExtension>
      <gpxtpx:hr>159</gpxtpx:hr>
      <gpxtpx:cad>78</gpxtpx:cad>
     </gpxtpx:TrackPointExtension>
    </extensions>
   </trkpt>
   <trkpt lat="47.2055640" lon="-1.5618180">
    <ele>18.0</ele>
    <time>2025-04-27T07:29:13Z</time>
    <extensions>
     <power>335</power>
     <gpxtpx:TrackPointExtension>
      <gpxtpx:hr>159</gpxtpx:hr>
      <gpxtpx:cad>78</gpxtpx:cad>
     </gpxtpx:TrackPointExtension>
    </extensions>
   </trkpt>
   <trkpt lat="47.2055980" lon="-1.5618250">
    <ele>18.0</ele>
    <time>2025-04-27T07:29:14Z</time>
    <extensions>
     <power>335</power>
     <gpxtpx:TrackPointExtension>
      <gpxtpx:hr>159</gpxtpx:hr>
      <gpxtpx:cad>77</gpxtpx:cad>
     </gpxtpx:TrackPointExtension>
    </extensions>
   </trkpt>
   <trkpt lat="47.2056320" lon="-1.5618310">
    <ele>18.0</ele>
    <time>2025-04-27T07:29:15Z</time>
    <extensions>
     <power>335</power>
     <gpxtpx:TrackPointExtension>
      <gpxtpx:hr>159</gpxtpx:hr>
      <gpxtpx:cad>77</gpxtpx:cad>
     </gpxtpx:TrackPointExtension>
    </extensions>
   </trkpt>
   <trkpt lat="47.2056650" lon="-1.5618400">
    <ele>18.0</ele>
    <time>2025-04-27T07:29:16Z</time>
    <extensions>
     <power>335</power>
     <gpxtpx:TrackPointExtension>
      <gpxtpx:hr>159</gpxtpx:hr>
      <gpxtpx:cad>77</gpxtpx:cad>
     </gpxtpx:TrackPointExtension>
    </extensions>
   </trkpt>
   <trkpt lat="47.2056980" lon="-1.5618500">
    <ele>18.0</ele>
    <time>2025-04-27T07:29:17Z</time>
    <extensions>
     <power>335</power>
     <gpxtpx:TrackPointExtension>
      <gpxtpx:hr>159</gpxtpx:hr>
      <gpxtpx:cad>77</gpxtpx:cad>
     </gpxtpx:TrackPointExtension>
    </extensions>
   </trkpt>
   <trkpt lat="47.2057300" lon="-1.5618580">
    <ele>18.0</ele>
    <time>2025-04-27T07:29:18Z</time>
    <extensions>
     <power>335</power>
     <gpxtpx:TrackPointExtension>
      <gpxtpx:hr>159</gpxtpx:hr>
      <gpxtpx:cad>77</gpxtpx:cad>
     </gpxtpx:TrackPointExtension>
    </extensions>
   </trkpt>
   <trkpt lat="47.2057620" lon="-1.5618650">
    <ele>18.0</ele>
    <time>2025-04-27T07:29:19Z</time>
    <extensions>
     <power>335</power>
     <gpxtpx:TrackPointExtension>
      <gpxtpx:hr>159</gpxtpx:hr>
      <gpxtpx:cad>77</gpxtpx:cad>
     </gpxtpx:TrackPointExtension>
    </extensions>
   </trkpt>
   <trkpt lat="47.2057930" lon="-1.5618740">
    <ele>18.0</ele>
    <time>2025-04-27T07:29:20Z</time>
    <extensions>
     <power>335</power>
     <gpxtpx:TrackPointExtension>
      <gpxtpx:hr>159</gpxtpx:hr>
      <gpxtpx:cad>77</gpxtpx:cad>
     </gpxtpx:TrackPointExtension>
    </extensions>
   </trkpt>
   <trkpt lat="47.2058250" lon="-1.5618820">
    <ele>18.0</ele>
    <time>2025-04-27T07:29:21Z</time>
    <extensions>
     <power>334</power>
     <gpxtpx:TrackPointExtension>
      <gpxtpx:hr>159</gpxtpx:hr>
      <gpxtpx:cad>77</gpxtpx:cad>
     </gpxtpx:TrackPointExtension>
    </extensions>
   </trkpt>
   <trkpt lat="47.2058550" lon="-1.5618900">
    <ele>18.0</ele>
    <time>2025-04-27T07:29:22Z</time>
    <extensions>
     <power>334</power>
     <gpxtpx:TrackPointExtension>
      <gpxtpx:hr>159</gpxtpx:hr>
      <gpxtpx:cad>78</gpxtpx:cad>
     </gpxtpx:TrackPointExtension>
    </extensions>
   </trkpt>
   <trkpt lat="47.2058860" lon="-1.5618980">
    <ele>18.0</ele>
    <time>2025-04-27T07:29:23Z</time>
    <extensions>
     <power>334</power>
     <gpxtpx:TrackPointExtension>
      <gpxtpx:hr>159</gpxtpx:hr>
      <gpxtpx:cad>78</gpxtpx:cad>
     </gpxtpx:TrackPointExtension>
    </extensions>
   </trkpt>
   <trkpt lat="47.2059170" lon="-1.5619070">
    <ele>18.0</ele>
    <time>2025-04-27T07:29:24Z</time>
    <extensions>
     <power>334</power>
     <gpxtpx:TrackPointExtension>
      <gpxtpx:hr>159</gpxtpx:hr>
      <gpxtpx:cad>78</gpxtpx:cad>
     </gpxtpx:TrackPointExtension>
    </extensions>
   </trkpt>
   <trkpt lat="47.2059490" lon="-1.5619170">
    <ele>18.0</ele>
    <time>2025-04-27T07:29:25Z</time>
    <extensions>
     <power>333</power>
     <gpxtpx:TrackPointExtension>
      <gpxtpx:hr>159</gpxtpx:hr>
      <gpxtpx:cad>78</gpxtpx:cad>
     </gpxtpx:TrackPointExtension>
    </extensions>
   </trkpt>
   <trkpt lat="47.2059800" lon="-1.5619280">
    <ele>18.0</ele>
    <time>2025-04-27T07:29:26Z</time>
    <extensions>
     <power>333</power>
     <gpxtpx:TrackPointExtension>
      <gpxtpx:hr>159</gpxtpx:hr>
      <gpxtpx:cad>78</gpxtpx:cad>
     </gpxtpx:TrackPointExtension>
    </extensions>
   </trkpt>
   <trkpt lat="47.2060110" lon="-1.5619390">
    <ele>18.0</ele>
    <time>2025-04-27T07:29:27Z</time>
    <extensions>
     <power>332</power>
     <gpxtpx:TrackPointExtension>
      <gpxtpx:hr>158</gpxtpx:hr>
      <gpxtpx:cad>78</gpxtpx:cad>
     </gpxtpx:TrackPointExtension>
    </extensions>
   </trkpt>
   <trkpt lat="47.2060430" lon="-1.5619520">
    <ele>18.0</ele>
    <time>2025-04-27T07:29:28Z</time>
    <extensions>
     <power>331</power>
     <gpxtpx:TrackPointExtension>
      <gpxtpx:hr>158</gpxtpx:hr>
      <gpxtpx:cad>78</gpxtpx:cad>
     </gpxtpx:TrackPointExtension>
    </extensions>
   </trkpt>
   <trkpt lat="47.2060750" lon="-1.5619640">
    <ele>18.0</ele>
    <time>2025-04-27T07:29:29Z</time>
    <extensions>
     <power>330</power>
     <gpxtpx:TrackPointExtension>
      <gpxtpx:hr>158</gpxtpx:hr>
      <gpxtpx:cad>77</gpxtpx:cad>
     </gpxtpx:TrackPointExtension>
    </extensions>
   </trkpt>
   <trkpt lat="47.2061080" lon="-1.5619760">
    <ele>18.0</ele>
    <time>2025-04-27T07:29:30Z</time>
    <extensions>
     <power>330</power>
     <gpxtpx:TrackPointExtension>
      <gpxtpx:hr>158</gpxtpx:hr>
      <gpxtpx:cad>77</gpxtpx:cad>
     </gpxtpx:TrackPointExtension>
    </extensions>
   </trkpt>
   <trkpt lat="47.2061420" lon="-1.5619880">
    <ele>18.0</ele>
    <time>2025-04-27T07:29:31Z</time>
    <extensions>
     <power>329</power>
     <gpxtpx:TrackPointExtension>
      <gpxtpx:hr>158</gpxtpx:hr>
      <gpxtpx:cad>76</gpxtpx:cad>
     </gpxtpx:TrackPointExtension>
    </extensions>
   </trkpt>
   <trkpt lat="47.2061760" lon="-1.5619970">
    <ele>18.0</ele>
    <time>2025-04-27T07:29:32Z</time>
    <extensions>
     <power>328</power>
     <gpxtpx:TrackPointExtension>
      <gpxtpx:hr>158</gpxtpx:hr>
      <gpxtpx:cad>76</gpxtpx:cad>
     </gpxtpx:TrackPointExtension>
    </extensions>
   </trkpt>
   <trkpt lat="47.2062110" lon="-1.5620060">
    <ele>18.0</ele>
    <time>2025-04-27T07:29:33Z</time>
    <extensions>
     <power>327</power>
     <gpxtpx:TrackPointExtension>
      <gpxtpx:hr>158</gpxtpx:hr>
      <gpxtpx:cad>76</gpxtpx:cad>
     </gpxtpx:TrackPointExtension>
    </extensions>
   </trkpt>
   <trkpt lat="47.2062440" lon="-1.5620140">
    <ele>18.0</ele>
    <time>2025-04-27T07:29:34Z</time>
    <extensions>
     <power>327</power>
     <gpxtpx:TrackPointExtension>
      <gpxtpx:hr>159</gpxtpx:hr>
      <gpxtpx:cad>77</gpxtpx:cad>
     </gpxtpx:TrackPointExtension>
    </extensions>
   </trkpt>
   <trkpt lat="47.2062770" lon="-1.5620220">
    <ele>18.0</ele>
    <time>2025-04-27T07:29:35Z</time>
    <extensions>
     <power>326</power>
     <gpxtpx:TrackPointExtension>
      <gpxtpx:hr>158</gpxtpx:hr>
      <gpxtpx:cad>77</gpxtpx:cad>
     </gpxtpx:TrackPointExtension>
    </extensions>
   </trkpt>
   <trkpt lat="47.2063080" lon="-1.5620310">
    <ele>18.0</ele>
    <time>2025-04-27T07:29:36Z</time>
    <extensions>
     <power>325</power>
     <gpxtpx:TrackPointExtension>
      <gpxtpx:hr>158</gpxtpx:hr>
      <gpxtpx:cad>77</gpxtpx:cad>
     </gpxtpx:TrackPointExtension>
    </extensions>
   </trkpt>
   <trkpt lat="47.2063380" lon="-1.5620390">
    <ele>18.0</ele>
    <time>2025-04-27T07:29:37Z</time>
    <extensions>
     <power>324</power>
     <gpxtpx:TrackPointExtension>
      <gpxtpx:hr>158</gpxtpx:hr>
      <gpxtpx:cad>77</gpxtpx:cad>
     </gpxtpx:TrackPointExtension>
    </extensions>
   </trkpt>
   <trkpt lat="47.2063670" lon="-1.5620500">
    <ele>18.0</ele>
    <time>2025-04-27T07:29:38Z</time>
    <extensions>
     <power>324</power>
     <gpxtpx:TrackPointExtension>
      <gpxtpx:hr>158</gpxtpx:hr>
      <gpxtpx:cad>77</gpxtpx:cad>
     </gpxtpx:TrackPointExtension>
    </extensions>
   </trkpt>
   <trkpt lat="47.2063960" lon="-1.5620600">
    <ele>18.0</ele>
    <time>2025-04-27T07:29:39Z</time>
    <extensions>
     <power>323</power>
     <gpxtpx:TrackPointExtension>
      <gpxtpx:hr>158</gpxtpx:hr>
      <gpxtpx:cad>77</gpxtpx:cad>
     </gpxtpx:TrackPointExtension>
    </extensions>
   </trkpt>
   <trkpt lat="47.2064240" lon="-1.5620750">
    <ele>18.0</ele>
    <time>2025-04-27T07:29:40Z</time>
    <extensions>
     <power>323</power>
     <gpxtpx:TrackPointExtension>
      <gpxtpx:hr>158</gpxtpx:hr>
      <gpxtpx:cad>77</gpxtpx:cad>
     </gpxtpx:TrackPointExtension>
    </extensions>
   </trkpt>
   <trkpt lat="47.2064520" lon="-1.5620890">
    <ele>18.0</ele>
    <time>2025-04-27T07:29:41Z</time>
    <extensions>
     <power>323</power>
     <gpxtpx:TrackPointExtension>
      <gpxtpx:hr>158</gpxtpx:hr>
      <gpxtpx:cad>77</gpxtpx:cad>
     </gpxtpx:TrackPointExtension>
    </extensions>
   </trkpt>
   <trkpt lat="47.2064790" lon="-1.5621060">
    <ele>18.0</ele>
    <time>2025-04-27T07:29:42Z</time>
    <extensions>
     <power>323</power>
     <gpxtpx:TrackPointExtension>
      <gpxtpx:hr>158</gpxtpx:hr>
      <gpxtpx:cad>77</gpxtpx:cad>
     </gpxtpx:TrackPointExtension>
    </extensions>
   </trkpt>
   <trkpt lat="47.2065070" lon="-1.5621230">
    <ele>18.0</ele>
    <time>2025-04-27T07:29:43Z</time>
    <extensions>
     <power>322</power>
     <gpxtpx:TrackPointExtension>
      <gpxtpx:hr>158</gpxtpx:hr>
      <gpxtpx:cad>77</gpxtpx:cad>
     </gpxtpx:TrackPointExtension>
    </extensions>
   </trkpt>
   <trkpt lat="47.2065330" lon="-1.5621410">
    <ele>18.0</ele>
    <time>2025-04-27T07:29:44Z</time>
    <extensions>
     <power>322</power>
     <gpxtpx:TrackPointExtension>
      <gpxtpx:hr>158</gpxtpx:hr>
      <gpxtpx:cad>77</gpxtpx:cad>
     </gpxtpx:TrackPointExtension>
    </extensions>
   </trkpt>
   <trkpt lat="47.2065590" lon="-1.5621590">
    <ele>18.0</ele>
    <time>2025-04-27T07:29:45Z</time>
    <extensions>
     <power>321</power>
     <gpxtpx:TrackPointExtension>
      <gpxtpx:hr>158</gpxtpx:hr>
      <gpxtpx:cad>77</gpxtpx:cad>
     </gpxtpx:TrackPointExtension>
    </extensions>
   </trkpt>
   <trkpt lat="47.2065850" lon="-1.5621730">
    <ele>18.0</ele>
    <time>2025-04-27T07:29:46Z</time>
    <extensions>
     <power>320</power>
     <gpxtpx:TrackPointExtension>
      <gpxtpx:hr>158</gpxtpx:hr>
      <gpxtpx:cad>77</gpxtpx:cad>
     </gpxtpx:TrackPointExtension>
    </extensions>
   </trkpt>
   <trkpt lat="47.2066110" lon="-1.5621870">
    <ele>18.0</ele>
    <time>2025-04-27T07:29:47Z</time>
    <extensions>
     <power>318</power>
     <gpxtpx:TrackPointExtension>
      <gpxtpx:hr>158</gpxtpx:hr>
      <gpxtpx:cad>77</gpxtpx:cad>
     </gpxtpx:TrackPointExtension>
    </extensions>
   </trkpt>
   <trkpt lat="47.2066400" lon="-1.5621970">
    <ele>18.0</ele>
    <time>2025-04-27T07:29:48Z</time>
    <extensions>
     <power>317</power>
     <gpxtpx:TrackPointExtension>
      <gpxtpx:hr>158</gpxtpx:hr>
      <gpxtpx:cad>77</gpxtpx:cad>
     </gpxtpx:TrackPointExtension>
    </extensions>
   </trkpt>
   <trkpt lat="47.2066700" lon="-1.5622070">
    <ele>18.0</ele>
    <time>2025-04-27T07:29:49Z</time>
    <extensions>
     <power>315</power>
     <gpxtpx:TrackPointExtension>
      <gpxtpx:hr>158</gpxtpx:hr>
      <gpxtpx:cad>77</gpxtpx:cad>
     </gpxtpx:TrackPointExtension>
    </extensions>
   </trkpt>
   <trkpt lat="47.2067030" lon="-1.5622150">
    <ele>18.0</ele>
    <time>2025-04-27T07:29:50Z</time>
    <extensions>
     <power>314</power>
     <gpxtpx:TrackPointExtension>
      <gpxtpx:hr>158</gpxtpx:hr>
      <gpxtpx:cad>77</gpxtpx:cad>
     </gpxtpx:TrackPointExtension>
    </extensions>
   </trkpt>
   <trkpt lat="47.2067370" lon="-1.5622230">
    <ele>18.0</ele>
    <time>2025-04-27T07:29:51Z</time>
    <extensions>
     <power>313</power>
     <gpxtpx:TrackPointExtension>
      <gpxtpx:hr>158</gpxtpx:hr>
      <gpxtpx:cad>77</gpxtpx:cad>
     </gpxtpx:TrackPointExtension>
    </extensions>
   </trkpt>
   <trkpt lat="47.2067730" lon="-1.5622300">
    <ele>18.0</ele>
    <time>2025-04-27T07:29:52Z</time>
    <extensions>
     <power>312</power>
     <gpxtpx:TrackPointExtension>
      <gpxtpx:hr>158</gpxtpx:hr>
      <gpxtpx:cad>78</gpxtpx:cad>
     </gpxtpx:TrackPointExtension>
    </extensions>
   </trkpt>
   <trkpt lat="47.2068090" lon="-1.5622370">
    <ele>18.0</ele>
    <time>2025-04-27T07:29:53Z</time>
    <extensions>
     <power>310</power>
     <gpxtpx:TrackPointExtension>
      <gpxtpx:hr>158</gpxtpx:hr>
      <gpxtpx:cad>78</gpxtpx:cad>
     </gpxtpx:TrackPointExtension>
    </extensions>
   </trkpt>
   <trkpt lat="47.2068440" lon="-1.5622370">
    <ele>18.0</ele>
    <time>2025-04-27T07:29:54Z</time>
    <extensions>
     <power>309</power>
     <gpxtpx:TrackPointExtension>
      <gpxtpx:hr>158</gpxtpx:hr>
      <gpxtpx:cad>78</gpxtpx:cad>
     </gpxtpx:TrackPointExtension>
    </extensions>
   </trkpt>
   <trkpt lat="47.2068790" lon="-1.5622380">
    <ele>18.0</ele>
    <time>2025-04-27T07:29:55Z</time>
    <extensions>
     <power>309</power>
     <gpxtpx:TrackPointExtension>
      <gpxtpx:hr>158</gpxtpx:hr>
      <gpxtpx:cad>78</gpxtpx:cad>
     </gpxtpx:TrackPointExtension>
    </extensions>
   </trkpt>
   <trkpt lat="47.2069120" lon="-1.5622330">
    <ele>18.0</ele>
    <time>2025-04-27T07:29:56Z</time>
    <extensions>
     <power>309</power>
     <gpxtpx:TrackPointExtension>
      <gpxtpx:hr>158</gpxtpx:hr>
      <gpxtpx:cad>78</gpxtpx:cad>
     </gpxtpx:TrackPointExtension>
    </extensions>
   </trkpt>
   <trkpt lat="47.2069450" lon="-1.5622280">
    <ele>18.0</ele>
    <time>2025-04-27T07:29:57Z</time>
    <extensions>
     <power>310</power>
     <gpxtpx:TrackPointExtension>
      <gpxtpx:hr>158</gpxtpx:hr>
      <gpxtpx:cad>78</gpxtpx:cad>
     </gpxtpx:TrackPointExtension>
    </extensions>
   </trkpt>
   <trkpt lat="47.2069790" lon="-1.5622240">
    <ele>18.0</ele>
    <time>2025-04-27T07:29:58Z</time>
    <extensions>
     <power>311</power>
     <gpxtpx:TrackPointExtension>
      <gpxtpx:hr>158</gpxtpx:hr>
      <gpxtpx:cad>78</gpxtpx:cad>
     </gpxtpx:TrackPointExtension>
    </extensions>
   </trkpt>
   <trkpt lat="47.2070120" lon="-1.5622200">
    <ele>18.0</ele>
    <time>2025-04-27T07:29:59Z</time>
    <extensions>
     <power>311</power>
     <gpxtpx:TrackPointExtension>
      <gpxtpx:hr>158</gpxtpx:hr>
      <gpxtpx:cad>78</gpxtpx:cad>
     </gpxtpx:TrackPointExtension>
    </extensions>
   </trkpt>
   <trkpt lat="47.2070450" lon="-1.5622210">
    <ele>18.0</ele>
    <time>2025-04-27T07:30:00Z</time>
    <extensions>
     <power>312</power>
     <gpxtpx:TrackPointExtension>
      <gpxtpx:hr>158</gpxtpx:hr>
      <gpxtpx:cad>78</gpxtpx:cad>
     </gpxtpx:TrackPointExtension>
    </extensions>
   </trkpt>
   <trkpt lat="47.2070790" lon="-1.5622210">
    <ele>18.0</ele>
    <time>2025-04-27T07:30:01Z</time>
    <extensions>
     <power>312</power>
     <gpxtpx:TrackPointExtension>
      <gpxtpx:hr>158</gpxtpx:hr>
      <gpxtpx:cad>78</gpxtpx:cad>
     </gpxtpx:TrackPointExtension>
    </extensions>
   </trkpt>
   <trkpt lat="47.2071130" lon="-1.5622230">
    <ele>18.0</ele>
    <time>2025-04-27T07:30:02Z</time>
    <extensions>
     <power>312</power>
     <gpxtpx:TrackPointExtension>
      <gpxtpx:hr>158</gpxtpx:hr>
      <gpxtpx:cad>78</gpxtpx:cad>
     </gpxtpx:TrackPointExtension>
    </extensions>
   </trkpt>
   <trkpt lat="47.2071460" lon="-1.5622250">
    <ele>18.0</ele>
    <time>2025-04-27T07:30:03Z</time>
    <extensions>
     <power>312</power>
     <gpxtpx:TrackPointExtension>
      <gpxtpx:hr>158</gpxtpx:hr>
      <gpxtpx:cad>77</gpxtpx:cad>
     </gpxtpx:TrackPointExtension>
    </extensions>
   </trkpt>
   <trkpt lat="47.2071830" lon="-1.5622250">
    <ele>18.0</ele>
    <time>2025-04-27T07:30:04Z</time>
    <extensions>
     <power>312</power>
     <gpxtpx:TrackPointExtension>
      <gpxtpx:hr>158</gpxtpx:hr>
      <gpxtpx:cad>77</gpxtpx:cad>
     </gpxtpx:TrackPointExtension>
    </extensions>
   </trkpt>
   <trkpt lat="47.2072190" lon="-1.5622260">
    <ele>18.0</ele>
    <time>2025-04-27T07:30:05Z</time>
    <extensions>
     <power>312</power>
     <gpxtpx:TrackPointExtension>
      <gpxtpx:hr>158</gpxtpx:hr>
      <gpxtpx:cad>77</gpxtpx:cad>
     </gpxtpx:TrackPointExtension>
    </extensions>
   </trkpt>
   <trkpt lat="47.2072580" lon="-1.5622260">
    <ele>18.0</ele>
    <time>2025-04-27T07:30:06Z</time>
    <extensions>
     <power>312</power>
     <gpxtpx:TrackPointExtension>
      <gpxtpx:hr>158</gpxtpx:hr>
      <gpxtpx:cad>77</gpxtpx:cad>
     </gpxtpx:TrackPointExtension>
    </extensions>
   </trkpt>
   <trkpt lat="47.2072970" lon="-1.5622260">
    <ele>18.0</ele>
    <time>2025-04-27T07:30:07Z</time>
    <extensions>
     <power>312</power>
     <gpxtpx:TrackPointExtension>
      <gpxtpx:hr>158</gpxtpx:hr>
      <gpxtpx:cad>77</gpxtpx:cad>
     </gpxtpx:TrackPointExtension>
    </extensions>
   </trkpt>
   <trkpt lat="47.2073380" lon="-1.5622280">
    <ele>18.0</ele>
    <time>2025-04-27T07:30:08Z</time>
    <extensions>
     <power>312</power>
     <gpxtpx:TrackPointExtension>
      <gpxtpx:hr>158</gpxtpx:hr>
      <gpxtpx:cad>78</gpxtpx:cad>
     </gpxtpx:TrackPointExtension>
    </extensions>
   </trkpt>
   <trkpt lat="47.2073780" lon="-1.5622300">
    <ele>18.0</ele>
    <time>2025-04-27T07:30:09Z</time>
    <extensions>
     <power>313</power>
     <gpxtpx:TrackPointExtension>
      <gpxtpx:hr>158</gpxtpx:hr>
      <gpxtpx:cad>78</gpxtpx:cad>
     </gpxtpx:TrackPointExtension>
    </extensions>
   </trkpt>
   <trkpt lat="47.2074190" lon="-1.5622330">
    <ele>18.0</ele>
    <time>2025-04-27T07:30:10Z</time>
    <extensions>
     <power>314</power>
     <gpxtpx:TrackPointExtension>
      <gpxtpx:hr>158</gpxtpx:hr>
      <gpxtpx:cad>78</gpxtpx:cad>
     </gpxtpx:TrackPointExtension>
    </extensions>
   </trkpt>
   <trkpt lat="47.2074590" lon="-1.5622370">
    <ele>18.0</ele>
    <time>2025-04-27T07:30:11Z</time>
    <extensions>
     <power>315</power>
     <gpxtpx:TrackPointExtension>
      <gpxtpx:hr>158</gpxtpx:hr>
      <gpxtpx:cad>78</gpxtpx:cad>
     </gpxtpx:TrackPointExtension>
    </extensions>
   </trkpt>
   <trkpt lat="47.2074970" lon="-1.5622430">
    <ele>18.0</ele>
    <time>2025-04-27T07:30:12Z</time>
    <extensions>
     <power>316</power>
     <gpxtpx:TrackPointExtension>
      <gpxtpx:hr>158</gpxtpx:hr>
      <gpxtpx:cad>78</gpxtpx:cad>
     </gpxtpx:TrackPointExtension>
    </extensions>
   </trkpt>
   <trkpt lat="47.2075360" lon="-1.5622500">
    <ele>18.0</ele>
    <time>2025-04-27T07:30:13Z</time>
    <extensions>
     <power>317</power>
     <gpxtpx:TrackPointExtension>
      <gpxtpx:hr>158</gpxtpx:hr>
      <gpxtpx:cad>77</gpxtpx:cad>
     </gpxtpx:TrackPointExtension>
    </extensions>
   </trkpt>
   <trkpt lat="47.2075730" lon="-1.5622560">
    <ele>18.0</ele>
    <time>2025-04-27T07:30:14Z</time>
    <extensions>
     <power>318</power>
     <gpxtpx:TrackPointExtension>
      <gpxtpx:hr>158</gpxtpx:hr>
      <gpxtpx:cad>77</gpxtpx:cad>
     </gpxtpx:TrackPointExtension>
    </extensions>
   </trkpt>
   <trkpt lat="47.2076100" lon="-1.5622630">
    <ele>18.0</ele>
    <time>2025-04-27T07:30:15Z</time>
    <extensions>
     <power>318</power>
     <gpxtpx:TrackPointExtension>
      <gpxtpx:hr>158</gpxtpx:hr>
      <gpxtpx:cad>77</gpxtpx:cad>
     </gpxtpx:TrackPointExtension>
    </extensions>
   </trkpt>
   <trkpt lat="47.2076470" lon="-1.5622680">
    <ele>18.0</ele>
    <time>2025-04-27T07:30:16Z</time>
    <extensions>
     <power>319</power>
     <gpxtpx:TrackPointExtension>
      <gpxtpx:hr>158</gpxtpx:hr>
      <gpxtpx:cad>77</gpxtpx:cad>
     </gpxtpx:TrackPointExtension>
    </extensions>
   </trkpt>
   <trkpt lat="47.2076840" lon="-1.5622730">
    <ele>18.0</ele>
    <time>2025-04-27T07:30:17Z</time>
    <extensions>
     <power>319</power>
     <gpxtpx:TrackPointExtension>
      <gpxtpx:hr>158</gpxtpx:hr>
      <gpxtpx:cad>77</gpxtpx:cad>
     </gpxtpx:TrackPointExtension>
    </extensions>
   </trkpt>
   <trkpt lat="47.2077200" lon="-1.5622770">
    <ele>18.0</ele>
    <time>2025-04-27T07:30:18Z</time>
    <extensions>
     <power>320</power>
     <gpxtpx:TrackPointExtension>
      <gpxtpx:hr>158</gpxtpx:hr>
      <gpxtpx:cad>78</gpxtpx:cad>
     </gpxtpx:TrackPointExtension>
    </extensions>
   </trkpt>
   <trkpt lat="47.2077560" lon="-1.5622810">
    <ele>18.0</ele>
    <time>2025-04-27T07:30:19Z</time>
    <extensions>
     <power>320</power>
     <gpxtpx:TrackPointExtension>
      <gpxtpx:hr>158</gpxtpx:hr>
      <gpxtpx:cad>77</gpxtpx:cad>
     </gpxtpx:TrackPointExtension>
    </extensions>
   </trkpt>
   <trkpt lat="47.2077920" lon="-1.5622860">
    <ele>18.0</ele>
    <time>2025-04-27T07:30:20Z</time>
    <extensions>
     <power>320</power>
     <gpxtpx:TrackPointExtension>
      <gpxtpx:hr>158</gpxtpx:hr>
      <gpxtpx:cad>77</gpxtpx:cad>
     </gpxtpx:TrackPointExtension>
    </extensions>
   </trkpt>
   <trkpt lat="47.2078270" lon="-1.5622910">
    <ele>18.0</ele>
    <time>2025-04-27T07:30:21Z</time>
    <extensions>
     <power>320</power>
     <gpxtpx:TrackPointExtension>
      <gpxtpx:hr>158</gpxtpx:hr>
      <gpxtpx:cad>77</gpxtpx:cad>
     </gpxtpx:TrackPointExtension>
    </extensions>
   </trkpt>
   <trkpt lat="47.2078630" lon="-1.5623000">
    <ele>18.0</ele>
    <time>2025-04-27T07:30:22Z</time>
    <extensions>
     <power>321</power>
     <gpxtpx:TrackPointExtension>
      <gpxtpx:hr>158</gpxtpx:hr>
      <gpxtpx:cad>77</gpxtpx:cad>
     </gpxtpx:TrackPointExtension>
    </extensions>
   </trkpt>
   <trkpt lat="47.2078990" lon="-1.5623080">
    <ele>18.0</ele>
    <time>2025-04-27T07:30:23Z</time>
    <extensions>
     <power>321</power>
     <gpxtpx:TrackPointExtension>
      <gpxtpx:hr>158</gpxtpx:hr>
      <gpxtpx:cad>77</gpxtpx:cad>
     </gpxtpx:TrackPointExtension>
    </extensions>
   </trkpt>
   <trkpt lat="47.2079350" lon="-1.5623210">
    <ele>18.0</ele>
    <time>2025-04-27T07:30:24Z</time>
    <extensions>
     <power>321</power>
     <gpxtpx:TrackPointExtension>
      <gpxtpx:hr>158</gpxtpx:hr>
      <gpxtpx:cad>78</gpxtpx:cad>
     </gpxtpx:TrackPointExtension>
    </extensions>
   </trkpt>
   <trkpt lat="47.2079700" lon="-1.5623330">
    <ele>18.0</ele>
    <time>2025-04-27T07:30:25Z</time>
    <extensions>
     <power>321</power>
     <gpxtpx:TrackPointExtension>
      <gpxtpx:hr>158</gpxtpx:hr>
      <gpxtpx:cad>77</gpxtpx:cad>
     </gpxtpx:TrackPointExtension>
    </extensions>
   </trkpt>
   <trkpt lat="47.2080050" lon="-1.5623470">
    <ele>18.0</ele>
    <time>2025-04-27T07:30:26Z</time>
    <extensions>
     <power>322</power>
     <gpxtpx:TrackPointExtension>
      <gpxtpx:hr>158</gpxtpx:hr>
      <gpxtpx:cad>77</gpxtpx:cad>
     </gpxtpx:TrackPointExtension>
    </extensions>
   </trkpt>
   <trkpt lat="47.2080410" lon="-1.5623600">
    <ele>18.0</ele>
    <time>2025-04-27T07:30:27Z</time>
    <extensions>
     <power>323</power>
     <gpxtpx:TrackPointExtension>
      <gpxtpx:hr>158</gpxtpx:hr>
      <gpxtpx:cad>77</gpxtpx:cad>
     </gpxtpx:TrackPointExtension>
    </extensions>
   </trkpt>
   <trkpt lat="47.2080770" lon="-1.5623710">
    <ele>18.0</ele>
    <time>2025-04-27T07:30:28Z</time>
    <extensions>
     <power>324</power>
     <gpxtpx:TrackPointExtension>
      <gpxtpx:hr>158</gpxtpx:hr>
      <gpxtpx:cad>77</gpxtpx:cad>
     </gpxtpx:TrackPointExtension>
    </extensions>
   </trkpt>
   <trkpt lat="47.2081130" lon="-1.5623830">
    <ele>18.0</ele>
    <time>2025-04-27T07:30:29Z</time>
    <extensions>
     <power>324</power>
     <gpxtpx:TrackPointExtension>
      <gpxtpx:hr>158</gpxtpx:hr>
      <gpxtpx:cad>77</gpxtpx:cad>
     </gpxtpx:TrackPointExtension>
    </extensions>
   </trkpt>
   <trkpt lat="47.2081500" lon="-1.5623930">
    <ele>18.0</ele>
    <time>2025-04-27T07:30:30Z</time>
    <extensions>
     <power>325</power>
     <gpxtpx:TrackPointExtension>
      <gpxtpx:hr>159</gpxtpx:hr>
      <gpxtpx:cad>77</gpxtpx:cad>
     </gpxtpx:TrackPointExtension>
    </extensions>
   </trkpt>
   <trkpt lat="47.2081870" lon="-1.5624020">
    <ele>18.0</ele>
    <time>2025-04-27T07:30:31Z</time>
    <extensions>
     <power>325</power>
     <gpxtpx:TrackPointExtension>
      <gpxtpx:hr>159</gpxtpx:hr>
      <gpxtpx:cad>77</gpxtpx:cad>
     </gpxtpx:TrackPointExtension>
    </extensions>
   </trkpt>
   <trkpt lat="47.2082240" lon="-1.5624100">
    <ele>18.0</ele>
    <time>2025-04-27T07:30:32Z</time>
    <extensions>
     <power>325</power>
     <gpxtpx:TrackPointExtension>
      <gpxtpx:hr>159</gpxtpx:hr>
      <gpxtpx:cad>77</gpxtpx:cad>
     </gpxtpx:TrackPointExtension>
    </extensions>
   </trkpt>
   <trkpt lat="47.2082610" lon="-1.5624180">
    <ele>18.0</ele>
    <time>2025-04-27T07:30:33Z</time>
    <extensions>
     <power>325</power>
     <gpxtpx:TrackPointExtension>
      <gpxtpx:hr>159</gpxtpx:hr>
      <gpxtpx:cad>77</gpxtpx:cad>
     </gpxtpx:TrackPointExtension>
    </extensions>
   </trkpt>
   <trkpt lat="47.2082950" lon="-1.5624160">
    <ele>18.0</ele>
    <time>2025-04-27T07:30:34Z</time>
    <extensions>
     <power>326</power>
     <gpxtpx:TrackPointExtension>
      <gpxtpx:hr>159</gpxtpx:hr>
      <gpxtpx:cad>78</gpxtpx:cad>
     </gpxtpx:TrackPointExtension>
    </extensions>
   </trkpt>
   <trkpt lat="47.2083290" lon="-1.5624150">
    <ele>18.0</ele>
    <time>2025-04-27T07:30:35Z</time>
    <extensions>
     <power>326</power>
     <gpxtpx:TrackPointExtension>
      <gpxtpx:hr>159</gpxtpx:hr>
      <gpxtpx:cad>78</gpxtpx:cad>
     </gpxtpx:TrackPointExtension>
    </extensions>
   </trkpt>
   <trkpt lat="47.2083520" lon="-1.5623920">
    <ele>18.0</ele>
    <time>2025-04-27T07:30:36Z</time>
    <extensions>
     <power>327</power>
     <gpxtpx:TrackPointExtension>
      <gpxtpx:hr>158</gpxtpx:hr>
      <gpxtpx:cad>78</gpxtpx:cad>
     </gpxtpx:TrackPointExtension>
    </extensions>
   </trkpt>
   <trkpt lat="47.2083750" lon="-1.5623690">
    <ele>18.0</ele>
    <time>2025-04-27T07:30:37Z</time>
    <extensions>
     <power>327</power>
     <gpxtpx:TrackPointExtension>
      <gpxtpx:hr>158</gpxtpx:hr>
      <gpxtpx:cad>78</gpxtpx:cad>
     </gpxtpx:TrackPointExtension>
    </extensions>
   </trkpt>
   <trkpt lat="47.2083830" lon="-1.5623250">
    <ele>18.0</ele>
    <time>2025-04-27T07:30:38Z</time>
    <extensions>
     <power>328</power>
     <gpxtpx:TrackPointExtension>
      <gpxtpx:hr>158</gpxtpx:hr>
      <gpxtpx:cad>78</gpxtpx:cad>
     </gpxtpx:TrackPointExtension>
    </extensions>
   </trkpt>
   <trkpt lat="47.2083920" lon="-1.5622820">
    <ele>18.0</ele>
    <time>2025-04-27T07:30:39Z</time>
    <extensions>
     <power>329</power>
     <gpxtpx:TrackPointExtension>
      <gpxtpx:hr>158</gpxtpx:hr>
      <gpxtpx:cad>78</gpxtpx:cad>
     </gpxtpx:TrackPointExtension>
    </extensions>
   </trkpt>
   <trkpt lat="47.2083910" lon="-1.5622270">
    <ele>18.0</ele>
    <time>2025-04-27T07:30:40Z</time>
    <extensions>
     <power>330</power>
     <gpxtpx:TrackPointExtension>
      <gpxtpx:hr>158</gpxtpx:hr>
      <gpxtpx:cad>78</gpxtpx:cad>
     </gpxtpx:TrackPointExtension>
    </extensions>
   </trkpt>
   <trkpt lat="47.2083900" lon="-1.5621730">
    <ele>18.0</ele>
    <time>2025-04-27T07:30:41Z</time>
    <extensions>
     <power>331</power>
     <gpxtpx:TrackPointExtension>
      <gpxtpx:hr>158</gpxtpx:hr>
      <gpxtpx:cad>78</gpxtpx:cad>
     </gpxtpx:TrackPointExtension>
    </extensions>
   </trkpt>
   <trkpt lat="47.2083860" lon="-1.5621160">
    <ele>18.0</ele>
    <time>2025-04-27T07:30:42Z</time>
    <extensions>
     <power>333</power>
     <gpxtpx:TrackPointExtension>
      <gpxtpx:hr>158</gpxtpx:hr>
      <gpxtpx:cad>78</gpxtpx:cad>
     </gpxtpx:TrackPointExtension>
    </extensions>
   </trkpt>
   <trkpt lat="47.2083820" lon="-1.5620580">
    <ele>18.0</ele>
    <time>2025-04-27T07:30:43Z</time>
    <extensions>
     <power>333</power>
     <gpxtpx:TrackPointExtension>
      <gpxtpx:hr>158</gpxtpx:hr>
      <gpxtpx:cad>78</gpxtpx:cad>
     </gpxtpx:TrackPointExtension>
    </extensions>
   </trkpt>
   <trkpt lat="47.2083790" lon="-1.5620020">
    <ele>18.0</ele>
    <time>2025-04-27T07:30:44Z</time>
    <extensions>
     <power>334</power>
     <gpxtpx:TrackPointExtension>
      <gpxtpx:hr>158</gpxtpx:hr>
      <gpxtpx:cad>78</gpxtpx:cad>
     </gpxtpx:TrackPointExtension>
    </extensions>
   </trkpt>
   <trkpt lat="47.2083760" lon="-1.5619460">
    <ele>19.0</ele>
    <time>2025-04-27T07:30:45Z</time>
    <extensions>
     <power>334</power>
     <gpxtpx:TrackPointExtension>
      <gpxtpx:hr>158</gpxtpx:hr>
      <gpxtpx:cad>78</gpxtpx:cad>
     </gpxtpx:TrackPointExtension>
    </extensions>
   </trkpt>
   <trkpt lat="47.2083740" lon="-1.5618920">
    <ele>18.0</ele>
    <time>2025-04-27T07:30:46Z</time>
    <extensions>
     <power>334</power>
     <gpxtpx:TrackPointExtension>
      <gpxtpx:hr>158</gpxtpx:hr>
      <gpxtpx:cad>78</gpxtpx:cad>
     </gpxtpx:TrackPointExtension>
    </extensions>
   </trkpt>
   <trkpt lat="47.2083720" lon="-1.5618370">
    <ele>18.0</ele>
    <time>2025-04-27T07:30:47Z</time>
    <extensions>
     <power>342</power>
     <gpxtpx:TrackPointExtension>
      <gpxtpx:hr>158</gpxtpx:hr>
      <gpxtpx:cad>78</gpxtpx:cad>
     </gpxtpx:TrackPointExtension>
    </extensions>
   </trkpt>
   <trkpt lat="47.2083700" lon="-1.5617840">
    <ele>18.0</ele>
    <time>2025-04-27T07:30:48Z</time>
    <extensions>
     <power>350</power>
     <gpxtpx:TrackPointExtension>
      <gpxtpx:hr>158</gpxtpx:hr>
      <gpxtpx:cad>78</gpxtpx:cad>
     </gpxtpx:TrackPointExtension>
    </extensions>
   </trkpt>
   <trkpt lat="47.2083680" lon="-1.5617320">
    <ele>18.0</ele>
    <time>2025-04-27T07:30:49Z</time>
    <extensions>
     <power>350</power>
     <gpxtpx:TrackPointExtension>
      <gpxtpx:hr>159</gpxtpx:hr>
      <gpxtpx:cad>78</gpxtpx:cad>
     </gpxtpx:TrackPointExtension>
    </extensions>
   </trkpt>
   <trkpt lat="47.2083670" lon="-1.5616790">
    <ele>18.0</ele>
    <time>2025-04-27T07:30:50Z</time>
    <extensions>
     <power>351</power>
     <gpxtpx:TrackPointExtension>
      <gpxtpx:hr>159</gpxtpx:hr>
      <gpxtpx:cad>78</gpxtpx:cad>
     </gpxtpx:TrackPointExtension>
    </extensions>
   </trkpt>
   <trkpt lat="47.2083660" lon="-1.5616270">
    <ele>18.0</ele>
    <time>2025-04-27T07:30:51Z</time>
    <extensions>
     <power>343</power>
     <gpxtpx:TrackPointExtension>
      <gpxtpx:hr>159</gpxtpx:hr>
      <gpxtpx:cad>78</gpxtpx:cad>
     </gpxtpx:TrackPointExtension>
    </extensions>
   </trkpt>
   <trkpt lat="47.2083640" lon="-1.5615760">
    <ele>18.0</ele>
    <time>2025-04-27T07:30:52Z</time>
    <extensions>
     <power>336</power>
     <gpxtpx:TrackPointExtension>
      <gpxtpx:hr>159</gpxtpx:hr>
      <gpxtpx:cad>78</gpxtpx:cad>
     </gpxtpx:TrackPointExtension>
    </extensions>
   </trkpt>
   <trkpt lat="47.2083630" lon="-1.5615240">
    <ele>18.0</ele>
    <time>2025-04-27T07:30:53Z</time>
    <extensions>
     <power>336</power>
     <gpxtpx:TrackPointExtension>
      <gpxtpx:hr>159</gpxtpx:hr>
      <gpxtpx:cad>78</gpxtpx:cad>
     </gpxtpx:TrackPointExtension>
    </extensions>
   </trkpt>
   <trkpt lat="47.2083580" lon="-1.5614740">
    <ele>18.0</ele>
    <time>2025-04-27T07:30:54Z</time>
    <extensions>
     <power>336</power>
     <gpxtpx:TrackPointExtension>
      <gpxtpx:hr>159</gpxtpx:hr>
      <gpxtpx:cad>78</gpxtpx:cad>
     </gpxtpx:TrackPointExtension>
    </extensions>
   </trkpt>
   <trkpt lat="47.2083530" lon="-1.5614240">
    <ele>18.0</ele>
    <time>2025-04-27T07:30:55Z</time>
    <extensions>
     <power>336</power>
     <gpxtpx:TrackPointExtension>
      <gpxtpx:hr>159</gpxtpx:hr>
      <gpxtpx:cad>78</gpxtpx:cad>
     </gpxtpx:TrackPointExtension>
    </extensions>
   </trkpt>
   <trkpt lat="47.2083450" lon="-1.5613750">
    <ele>18.0</ele>
    <time>2025-04-27T07:30:56Z</time>
    <extensions>
     <power>336</power>
     <gpxtpx:TrackPointExtension>
      <gpxtpx:hr>159</gpxtpx:hr>
      <gpxtpx:cad>78</gpxtpx:cad>
     </gpxtpx:TrackPointExtension>
    </extensions>
   </trkpt>
   <trkpt lat="47.2083380" lon="-1.5613270">
    <ele>18.0</ele>
    <time>2025-04-27T07:30:57Z</time>
    <extensions>
     <power>336</power>
     <gpxtpx:TrackPointExtension>
      <gpxtpx:hr>159</gpxtpx:hr>
      <gpxtpx:cad>78</gpxtpx:cad>
     </gpxtpx:TrackPointExtension>
    </extensions>
   </trkpt>
   <trkpt lat="47.2083290" lon="-1.5612790">
    <ele>18.0</ele>
    <time>2025-04-27T07:30:58Z</time>
    <extensions>
     <power>336</power>
     <gpxtpx:TrackPointExtension>
      <gpxtpx:hr>159</gpxtpx:hr>
      <gpxtpx:cad>78</gpxtpx:cad>
     </gpxtpx:TrackPointExtension>
    </extensions>
   </trkpt>
   <trkpt lat="47.2083190" lon="-1.5612310">
    <ele>18.0</ele>
    <time>2025-04-27T07:30:59Z</time>
    <extensions>
     <power>336</power>
     <gpxtpx:TrackPointExtension>
      <gpxtpx:hr>159</gpxtpx:hr>
      <gpxtpx:cad>77</gpxtpx:cad>
     </gpxtpx:TrackPointExtension>
    </extensions>
   </trkpt>
   <trkpt lat="47.2083080" lon="-1.5611840">
    <ele>18.0</ele>
    <time>2025-04-27T07:31:00Z</time>
    <extensions>
     <power>336</power>
     <gpxtpx:TrackPointExtension>
      <gpxtpx:hr>159</gpxtpx:hr>
      <gpxtpx:cad>77</gpxtpx:cad>
     </gpxtpx:TrackPointExtension>
    </extensions>
   </trkpt>
   <trkpt lat="47.2082980" lon="-1.5611360">
    <ele>18.0</ele>
    <time>2025-04-27T07:31:01Z</time>
    <extensions>
     <power>335</power>
     <gpxtpx:TrackPointExtension>
      <gpxtpx:hr>159</gpxtpx:hr>
      <gpxtpx:cad>77</gpxtpx:cad>
     </gpxtpx:TrackPointExtension>
    </extensions>
   </trkpt>
   <trkpt lat="47.2082860" lon="-1.5610890">
    <ele>18.0</ele>
    <time>2025-04-27T07:31:02Z</time>
    <extensions>
     <power>334</power>
     <gpxtpx:TrackPointExtension>
      <gpxtpx:hr>158</gpxtpx:hr>
      <gpxtpx:cad>77</gpxtpx:cad>
     </gpxtpx:TrackPointExtension>
    </extensions>
   </trkpt>
   <trkpt lat="47.2082760" lon="-1.5610420">
    <ele>18.0</ele>
    <time>2025-04-27T07:31:03Z</time>
    <extensions>
     <power>333</power>
     <gpxtpx:TrackPointExtension>
      <gpxtpx:hr>159</gpxtpx:hr>
      <gpxtpx:cad>77</gpxtpx:cad>
     </gpxtpx:TrackPointExtension>
    </extensions>
   </trkpt>
   <trkpt lat="47.2082640" lon="-1.5609960">
    <ele>18.0</ele>
    <time>2025-04-27T07:31:04Z</time>
    <extensions>
     <power>333</power>
     <gpxtpx:TrackPointExtension>
      <gpxtpx:hr>158</gpxtpx:hr>
      <gpxtpx:cad>78</gpxtpx:cad>
     </gpxtpx:TrackPointExtension>
    </extensions>
   </trkpt>
   <trkpt lat="47.2082530" lon="-1.5609490">
    <ele>18.0</ele>
    <time>2025-04-27T07:31:05Z</time>
    <extensions>
     <power>332</power>
     <gpxtpx:TrackPointExtension>
      <gpxtpx:hr>158</gpxtpx:hr>
      <gpxtpx:cad>78</gpxtpx:cad>
     </gpxtpx:TrackPointExtension>
    </extensions>
   </trkpt>
   <trkpt lat="47.2082410" lon="-1.5609020">
    <ele>18.0</ele>
    <time>2025-04-27T07:31:06Z</time>
    <extensions>
     <power>332</power>
     <gpxtpx:TrackPointExtension>
      <gpxtpx:hr>158</gpxtpx:hr>
      <gpxtpx:cad>78</gpxtpx:cad>
     </gpxtpx:TrackPointExtension>
    </extensions>
   </trkpt>
   <trkpt lat="47.2082290" lon="-1.5608560">
    <ele>18.0</ele>
    <time>2025-04-27T07:31:07Z</time>
    <extensions>
     <power>332</power>
     <gpxtpx:TrackPointExtension>
      <gpxtpx:hr>158</gpxtpx:hr>
      <gpxtpx:cad>78</gpxtpx:cad>
     </gpxtpx:TrackPointExtension>
    </extensions>
   </trkpt>
   <trkpt lat="47.2082180" lon="-1.5608090">
    <ele>18.0</ele>
    <time>2025-04-27T07:31:08Z</time>
    <extensions>
     <power>332</power>
     <gpxtpx:TrackPointExtension>
      <gpxtpx:hr>159</gpxtpx:hr>
      <gpxtpx:cad>78</gpxtpx:cad>
     </gpxtpx:TrackPointExtension>
    </extensions>
   </trkpt>
   <trkpt lat="47.2082060" lon="-1.5607620">
    <ele>18.0</ele>
    <time>2025-04-27T07:31:09Z</time>
    <extensions>
     <power>332</power>
     <gpxtpx:TrackPointExtension>
      <gpxtpx:hr>159</gpxtpx:hr>
      <gpxtpx:cad>78</gpxtpx:cad>
     </gpxtpx:TrackPointExtension>
    </extensions>
   </trkpt>
   <trkpt lat="47.2081970" lon="-1.5607140">
    <ele>18.0</ele>
    <time>2025-04-27T07:31:10Z</time>
    <extensions>
     <power>332</power>
     <gpxtpx:TrackPointExtension>
      <gpxtpx:hr>159</gpxtpx:hr>
      <gpxtpx:cad>78</gpxtpx:cad>
     </gpxtpx:TrackPointExtension>
    </extensions>
   </trkpt>
   <trkpt lat="47.2081880" lon="-1.5606670">
    <ele>18.0</ele>
    <time>2025-04-27T07:31:11Z</time>
    <extensions>
     <power>331</power>
     <gpxtpx:TrackPointExtension>
      <gpxtpx:hr>159</gpxtpx:hr>
      <gpxtpx:cad>78</gpxtpx:cad>
     </gpxtpx:TrackPointExtension>
    </extensions>
   </trkpt>
   <trkpt lat="47.2081810" lon="-1.5606190">
    <ele>18.0</ele>
    <time>2025-04-27T07:31:12Z</time>
    <extensions>
     <power>331</power>
     <gpxtpx:TrackPointExtension>
      <gpxtpx:hr>159</gpxtpx:hr>
      <gpxtpx:cad>78</gpxtpx:cad>
     </gpxtpx:TrackPointExtension>
    </extensions>
   </trkpt>
   <trkpt lat="47.2081730" lon="-1.5605710">
    <ele>18.0</ele>
    <time>2025-04-27T07:31:13Z</time>
    <extensions>
     <power>331</power>
     <gpxtpx:TrackPointExtension>
      <gpxtpx:hr>159</gpxtpx:hr>
      <gpxtpx:cad>78</gpxtpx:cad>
     </gpxtpx:TrackPointExtension>
    </extensions>
   </trkpt>
   <trkpt lat="47.2081650" lon="-1.5605230">
    <ele>18.0</ele>
    <time>2025-04-27T07:31:14Z</time>
    <extensions>
     <power>331</power>
     <gpxtpx:TrackPointExtension>
      <gpxtpx:hr>159</gpxtpx:hr>
      <gpxtpx:cad>78</gpxtpx:cad>
     </gpxtpx:TrackPointExtension>
    </extensions>
   </trkpt>
   <trkpt lat="47.2081570" lon="-1.5604750">
    <ele>18.0</ele>
    <time>2025-04-27T07:31:15Z</time>
    <extensions>
     <power>331</power>
     <gpxtpx:TrackPointExtension>
      <gpxtpx:hr>159</gpxtpx:hr>
      <gpxtpx:cad>78</gpxtpx:cad>
     </gpxtpx:TrackPointExtension>
    </extensions>
   </trkpt>
   <trkpt lat="47.2081480" lon="-1.5604280">
    <ele>18.0</ele>
    <time>2025-04-27T07:31:16Z</time>
    <extensions>
     <power>331</power>
     <gpxtpx:TrackPointExtension>
      <gpxtpx:hr>159</gpxtpx:hr>
      <gpxtpx:cad>78</gpxtpx:cad>
     </gpxtpx:TrackPointExtension>
    </extensions>
   </trkpt>
   <trkpt lat="47.2081390" lon="-1.5603820">
    <ele>18.0</ele>
    <time>2025-04-27T07:31:17Z</time>
    <extensions>
     <power>331</power>
     <gpxtpx:TrackPointExtension>
      <gpxtpx:hr>159</gpxtpx:hr>
      <gpxtpx:cad>77</gpxtpx:cad>
     </gpxtpx:TrackPointExtension>
    </extensions>
   </trkpt>
   <trkpt lat="47.2081290" lon="-1.5603370">
    <ele>18.0</ele>
    <time>2025-04-27T07:31:18Z</time>
    <extensions>
     <power>331</power>
     <gpxtpx:TrackPointExtension>
      <gpxtpx:hr>159</gpxtpx:hr>
      <gpxtpx:cad>77</gpxtpx:cad>
     </gpxtpx:TrackPointExtension>
    </extensions>
   </trkpt>
   <trkpt lat="47.2081200" lon="-1.5602920">
    <ele>18.0</ele>
    <time>2025-04-27T07:31:19Z</time>
    <extensions>
     <power>331</power>
     <gpxtpx:TrackPointExtension>
      <gpxtpx:hr>159</gpxtpx:hr>
      <gpxtpx:cad>77</gpxtpx:cad>
     </gpxtpx:TrackPointExtension>
    </extensions>
   </trkpt>
  </trkseg>
 </trk>
</gpx>